INSERT INTO Parent (parent_id, first_name, last_name, email) VALUES (1, 'Miroslav', 'Vaněk', 'miroslav.vaněk1@seznam.cz');
INSERT INTO Parent (parent_id, first_name, last_name, email) VALUES (2, 'Radek', 'Navrátil', 'radek.navrátil2@seznam.cz');
INSERT INTO Parent (parent_id, first_name, last_name, email) VALUES (3, 'Václav', 'Kovář', 'václav.kovář3@gmail.com');
INSERT INTO Parent (parent_id, first_name, last_name, email) VALUES (4, 'Josef', 'Vaněk', 'josef.vaněk4@centrum.cz');
INSERT INTO Parent (parent_id, first_name, last_name, email) VALUES (5, 'Jaroslav', 'Urban', 'jaroslav.urban5@gmail.com');
INSERT INTO Parent (parent_id, first_name, last_name, email) VALUES (6, 'Radek', 'Doležal', 'radek.doležal6@centrum.cz');
INSERT INTO Parent (parent_id, first_name, last_name, email) VALUES (7, 'Daniel', 'Horák', 'daniel.horák7@centrum.cz');
INSERT INTO Parent (parent_id, first_name, last_name, email) VALUES (8, 'Lukáš', 'Kříž', 'lukáš.kříž8@seznam.cz');
INSERT INTO Parent (parent_id, first_name, last_name, email) VALUES (9, 'Aleš', 'Navrátil', 'aleš.navrátil9@centrum.cz');
INSERT INTO Parent (parent_id, first_name, last_name, email) VALUES (10, 'Tomáš', 'Novák', 'tomáš.novák10@gmail.com');
INSERT INTO Parent (parent_id, first_name, last_name, email) VALUES (11, 'Marek', 'Novák', 'marek.novák11@gmail.com');
INSERT INTO Parent (parent_id, first_name, last_name, email) VALUES (12, 'Aleš', 'Sedláček', 'aleš.sedláček12@seznam.cz');
INSERT INTO Parent (parent_id, first_name, last_name, email) VALUES (13, 'Josef', 'Novotný', 'josef.novotný13@centrum.cz');
INSERT INTO Parent (parent_id, first_name, last_name, email) VALUES (14, 'Karel', 'Pospíšil', 'karel.pospíšil14@gmail.com');
INSERT INTO Parent (parent_id, first_name, last_name, email) VALUES (15, 'Stanislav', 'Bartoš', 'stanislav.bartoš15@seznam.cz');
INSERT INTO Parent (parent_id, first_name, last_name, email) VALUES (16, 'Karel', 'Šimek', 'karel.šimek16@gmail.com');
INSERT INTO Parent (parent_id, first_name, last_name, email) VALUES (17, 'Aleš', 'Pokorný', 'aleš.pokorný17@seznam.cz');
INSERT INTO Parent (parent_id, first_name, last_name, email) VALUES (18, 'Dominik', 'Marek', 'dominik.marek18@seznam.cz');
INSERT INTO Parent (parent_id, first_name, last_name, email) VALUES (19, 'Václav', 'Urban', 'václav.urban19@seznam.cz');
INSERT INTO Parent (parent_id, first_name, last_name, email) VALUES (20, 'Michal', 'Navrátil', 'michal.navrátil20@seznam.cz');
INSERT INTO Parent (parent_id, first_name, last_name, email) VALUES (21, 'Marek', 'Kříž', 'marek.kříž21@seznam.cz');
INSERT INTO Parent (parent_id, first_name, last_name, email) VALUES (22, 'Tomáš', 'Němec', 'tomáš.němec22@gmail.com');
INSERT INTO Parent (parent_id, first_name, last_name, email) VALUES (23, 'Pavel', 'Veselý', 'pavel.veselý23@centrum.cz');
INSERT INTO Parent (parent_id, first_name, last_name, email) VALUES (24, 'Aleš', 'Němec', 'aleš.němec24@gmail.com');
INSERT INTO Parent (parent_id, first_name, last_name, email) VALUES (25, 'Daniel', 'Urban', 'daniel.urban25@seznam.cz');
INSERT INTO Parent (parent_id, first_name, last_name, email) VALUES (26, 'Matěj', 'Kučera', 'matěj.kučera26@gmail.com');
INSERT INTO Parent (parent_id, first_name, last_name, email) VALUES (27, 'Dominik', 'Kovář', 'dominik.kovář27@centrum.cz');
INSERT INTO Parent (parent_id, first_name, last_name, email) VALUES (28, 'Ondřej', 'Novák', 'ondřej.novák28@seznam.cz');
INSERT INTO Parent (parent_id, first_name, last_name, email) VALUES (29, 'Marek', 'Veselý', 'marek.veselý29@gmail.com');
INSERT INTO Parent (parent_id, first_name, last_name, email) VALUES (30, 'Matěj', 'Němec', 'matěj.němec30@seznam.cz');
INSERT INTO Parent (parent_id, first_name, last_name, email) VALUES (31, 'Roman', 'Beneš', 'roman.beneš31@gmail.com');
INSERT INTO Parent (parent_id, first_name, last_name, email) VALUES (32, 'Michal', 'Novák', 'michal.novák32@centrum.cz');
INSERT INTO Parent (parent_id, first_name, last_name, email) VALUES (33, 'Adam', 'Doležal', 'adam.doležal33@gmail.com');
INSERT INTO Parent (parent_id, first_name, last_name, email) VALUES (34, 'Petr', 'Fiala', 'petr.fiala34@gmail.com');
INSERT INTO Parent (parent_id, first_name, last_name, email) VALUES (35, 'Daniel', 'Sedláček', 'daniel.sedláček35@gmail.com');
INSERT INTO Parent (parent_id, first_name, last_name, email) VALUES (36, 'Štěpán', 'Kříž', 'štěpán.kříž36@gmail.com');
INSERT INTO Parent (parent_id, first_name, last_name, email) VALUES (37, 'Vojtěch', 'Kovář', 'vojtěch.kovář37@seznam.cz');
INSERT INTO Parent (parent_id, first_name, last_name, email) VALUES (38, 'Jan', 'Vaněk', 'jan.vaněk38@gmail.com');
INSERT INTO Parent (parent_id, first_name, last_name, email) VALUES (39, 'Matěj', 'Novotný', 'matěj.novotný39@gmail.com');
INSERT INTO Parent (parent_id, first_name, last_name, email) VALUES (40, 'Jakub', 'Král', 'jakub.král40@gmail.com');
INSERT INTO Parent (parent_id, first_name, last_name, email) VALUES (41, 'Radek', 'Němec', 'radek.němec41@seznam.cz');
INSERT INTO Parent (parent_id, first_name, last_name, email) VALUES (42, 'Martin', 'Veselý', 'martin.veselý42@seznam.cz');
INSERT INTO Parent (parent_id, first_name, last_name, email) VALUES (43, 'Karel', 'Urban', 'karel.urban43@seznam.cz');
INSERT INTO Parent (parent_id, first_name, last_name, email) VALUES (44, 'Karel', 'Zeman', 'karel.zeman44@seznam.cz');
INSERT INTO Parent (parent_id, first_name, last_name, email) VALUES (45, 'Martin', 'Novotný', 'martin.novotný45@seznam.cz');
INSERT INTO Parent (parent_id, first_name, last_name, email) VALUES (46, 'Jaroslav', 'Novotný', 'jaroslav.novotný46@seznam.cz');
INSERT INTO Parent (parent_id, first_name, last_name, email) VALUES (47, 'Richard', 'Hájek', 'richard.hájek47@gmail.com');
INSERT INTO Parent (parent_id, first_name, last_name, email) VALUES (48, 'Pavel', 'Němec', 'pavel.němec48@centrum.cz');
INSERT INTO Parent (parent_id, first_name, last_name, email) VALUES (49, 'Václav', 'Svoboda', 'václav.svoboda49@seznam.cz');
INSERT INTO Parent (parent_id, first_name, last_name, email) VALUES (50, 'Daniel', 'Bartoš', 'daniel.bartoš50@seznam.cz');
INSERT INTO Parent (parent_id, first_name, last_name, email) VALUES (51, 'Marek', 'Beneš', 'marek.beneš51@centrum.cz');
INSERT INTO Parent (parent_id, first_name, last_name, email) VALUES (52, 'Josef', 'Doležal', 'josef.doležal52@centrum.cz');
INSERT INTO Parent (parent_id, first_name, last_name, email) VALUES (53, 'Pavel', 'Zeman', 'pavel.zeman53@centrum.cz');
INSERT INTO Parent (parent_id, first_name, last_name, email) VALUES (1, 'Petra', 'Černá', 'petra.černá54@gmail.com');
INSERT INTO Parent (parent_id, first_name, last_name, email) VALUES (2, 'Jana', 'Navrátilová', 'jana.navrátilová55@gmail.com');
INSERT INTO Parent (parent_id, first_name, last_name, email) VALUES (3, 'Radka', 'Němcová', 'radka.němcová56@gmail.com');
INSERT INTO Parent (parent_id, first_name, last_name, email) VALUES (4, 'Petra', 'Svobodová', 'petra.svobodová57@centrum.cz');
INSERT INTO Parent (parent_id, first_name, last_name, email) VALUES (5, 'Hana', 'Černá', 'hana.černá58@centrum.cz');
INSERT INTO Parent (parent_id, first_name, last_name, email) VALUES (6, 'Sandra', 'Marková', 'sandra.marková59@seznam.cz');
INSERT INTO Parent (parent_id, first_name, last_name, email) VALUES (7, 'Sára', 'Kolářová', 'sára.kolářová60@gmail.com');
INSERT INTO Parent (parent_id, first_name, last_name, email) VALUES (8, 'Barbora', 'Křížová', 'barbora.křížová61@centrum.cz');
INSERT INTO Parent (parent_id, first_name, last_name, email) VALUES (9, 'Veronika', 'Kučerová', 'veronika.kučerová62@centrum.cz');
INSERT INTO Parent (parent_id, first_name, last_name, email) VALUES (10, 'Natálie', 'Jelínková', 'natálie.jelínková63@seznam.cz');
INSERT INTO Parent (parent_id, first_name, last_name, email) VALUES (11, 'Sára', 'Šimková', 'sára.šimková64@gmail.com');
INSERT INTO Parent (parent_id, first_name, last_name, email) VALUES (12, 'Klára', 'Křížová', 'klára.křížová65@gmail.com');
INSERT INTO Parent (parent_id, first_name, last_name, email) VALUES (13, 'Monika', 'Svobodová', 'monika.svobodová66@centrum.cz');
INSERT INTO Parent (parent_id, first_name, last_name, email) VALUES (14, 'Andrea', 'Marková', 'andrea.marková67@centrum.cz');
INSERT INTO Parent (parent_id, first_name, last_name, email) VALUES (15, 'Veronika', 'Šimková', 'veronika.šimková68@gmail.com');
INSERT INTO Parent (parent_id, first_name, last_name, email) VALUES (16, 'Eliška', 'Vaňková', 'eliška.vaňková69@centrum.cz');
INSERT INTO Parent (parent_id, first_name, last_name, email) VALUES (17, 'Renata', 'Pospíšilová', 'renata.pospíšilová70@seznam.cz');
INSERT INTO Parent (parent_id, first_name, last_name, email) VALUES (18, 'Petra', 'Hájková', 'petra.hájková71@centrum.cz');
INSERT INTO Parent (parent_id, first_name, last_name, email) VALUES (19, 'Monika', 'Svobodová', 'monika.svobodová72@seznam.cz');
INSERT INTO Parent (parent_id, first_name, last_name, email) VALUES (20, 'Sandra', 'Sedláčková', 'sandra.sedláčková73@gmail.com');
INSERT INTO Parent (parent_id, first_name, last_name, email) VALUES (21, 'Michaela', 'Hájková', 'michaela.hájková74@gmail.com');
INSERT INTO Parent (parent_id, first_name, last_name, email) VALUES (22, 'Kateřina', 'Hájková', 'kateřina.hájková75@seznam.cz');
INSERT INTO Parent (parent_id, first_name, last_name, email) VALUES (23, 'Klára', 'Benešová', 'klára.benešová76@gmail.com');
INSERT INTO Parent (parent_id, first_name, last_name, email) VALUES (24, 'Anna', 'Kovářová', 'anna.kovářová77@gmail.com');
INSERT INTO Parent (parent_id, first_name, last_name, email) VALUES (25, 'Kateřina', 'Svobodová', 'kateřina.svobodová78@centrum.cz');
INSERT INTO Parent (parent_id, first_name, last_name, email) VALUES (26, 'Kristýna', 'Novotná', 'kristýna.novotná79@gmail.com');
INSERT INTO Parent (parent_id, first_name, last_name, email) VALUES (27, 'Anna', 'Fialová', 'anna.fialová80@centrum.cz');
INSERT INTO Parent (parent_id, first_name, last_name, email) VALUES (28, 'Alena', 'Pokorná', 'alena.pokorná81@gmail.com');
INSERT INTO Parent (parent_id, first_name, last_name, email) VALUES (29, 'Jana', 'Veselá', 'jana.veselá82@seznam.cz');
INSERT INTO Parent (parent_id, first_name, last_name, email) VALUES (30, 'Zuzana', 'Horáková', 'zuzana.horáková83@centrum.cz');
INSERT INTO Parent (parent_id, first_name, last_name, email) VALUES (31, 'Simona', 'Jelínková', 'simona.jelínková84@seznam.cz');
INSERT INTO Parent (parent_id, first_name, last_name, email) VALUES (32, 'Denisa', 'Jelínková', 'denisa.jelínková85@gmail.com');
INSERT INTO Parent (parent_id, first_name, last_name, email) VALUES (33, 'Tereza', 'Pokorná', 'tereza.pokorná86@gmail.com');
INSERT INTO Parent (parent_id, first_name, last_name, email) VALUES (34, 'Hana', 'Bartošová', 'hana.bartošová87@seznam.cz');
INSERT INTO Parent (parent_id, first_name, last_name, email) VALUES (35, 'Martina', 'Pospíšilová', 'martina.pospíšilová88@gmail.com');
INSERT INTO Parent (parent_id, first_name, last_name, email) VALUES (36, 'Anna', 'Černá', 'anna.černá89@gmail.com');
INSERT INTO Parent (parent_id, first_name, last_name, email) VALUES (37, 'Veronika', 'Bartošová', 'veronika.bartošová90@seznam.cz');
INSERT INTO Parent (parent_id, first_name, last_name, email) VALUES (38, 'Zuzana', 'Pokorná', 'zuzana.pokorná91@gmail.com');
INSERT INTO Parent (parent_id, first_name, last_name, email) VALUES (39, 'Renata', 'Křížová', 'renata.křížová92@gmail.com');
INSERT INTO Parent (parent_id, first_name, last_name, email) VALUES (40, 'Dominika', 'Dvořáková', 'dominika.dvořáková93@gmail.com');
INSERT INTO Parent (parent_id, first_name, last_name, email) VALUES (41, 'Monika', 'Svobodová', 'monika.svobodová94@centrum.cz');
INSERT INTO Parent (parent_id, first_name, last_name, email) VALUES (42, 'Alena', 'Jelínková', 'alena.jelínková95@seznam.cz');
INSERT INTO Parent (parent_id, first_name, last_name, email) VALUES (43, 'Adéla', 'Bartošová', 'adéla.bartošová96@centrum.cz');
INSERT INTO Parent (parent_id, first_name, last_name, email) VALUES (44, 'Kateřina', 'Zemanová', 'kateřina.zemanová97@centrum.cz');
INSERT INTO Parent (parent_id, first_name, last_name, email) VALUES (45, 'Sandra', 'Králová', 'sandra.králová98@centrum.cz');
INSERT INTO Parent (parent_id, first_name, last_name, email) VALUES (46, 'Denisa', 'Růžičková', 'denisa.růžičková99@centrum.cz');
INSERT INTO Parent (parent_id, first_name, last_name, email) VALUES (47, 'Sára', 'Šimková', 'sára.šimková100@seznam.cz');
INSERT INTO Parent (parent_id, first_name, last_name, email) VALUES (48, 'Eliška', 'Kolářová', 'eliška.kolářová101@centrum.cz');
INSERT INTO Parent (parent_id, first_name, last_name, email) VALUES (49, 'Nikola', 'Navrátilová', 'nikola.navrátilová102@centrum.cz');
INSERT INTO Parent (parent_id, first_name, last_name, email) VALUES (50, 'Martina', 'Šimková', 'martina.šimková103@gmail.com');
INSERT INTO Parent (parent_id, first_name, last_name, email) VALUES (51, 'Renata', 'Kovářová', 'renata.kovářová104@centrum.cz');
INSERT INTO Parent (parent_id, first_name, last_name, email) VALUES (52, 'Veronika', 'Horáková', 'veronika.horáková105@centrum.cz');
INSERT INTO Parent (parent_id, first_name, last_name, email) VALUES (53, 'Ema', 'Veselá', 'ema.veselá106@seznam.cz');
INSERT INTO Teacher (teacher_id, first_name, last_name, email) VALUES (1, 'Jaroslav', 'Urban', 'jaroslav.urban107@centrum.cz');
INSERT INTO Teacher (teacher_id, first_name, last_name, email) VALUES (2, 'Adam', 'Šimek', 'adam.šimek108@centrum.cz');
INSERT INTO Teacher (teacher_id, first_name, last_name, email) VALUES (3, 'Marek', 'Svoboda', 'marek.svoboda109@centrum.cz');
INSERT INTO Teacher (teacher_id, first_name, last_name, email) VALUES (4, 'Matěj', 'Fiala', 'matěj.fiala110@seznam.cz');
INSERT INTO Teacher (teacher_id, first_name, last_name, email) VALUES (5, 'Radek', 'Svoboda', 'radek.svoboda111@gmail.com');
INSERT INTO Teacher (teacher_id, first_name, last_name, email) VALUES (6, 'Štěpán', 'Navrátil', 'štěpán.navrátil112@gmail.com');
INSERT INTO Teacher (teacher_id, first_name, last_name, email) VALUES (7, 'Filip', 'Král', 'filip.král113@centrum.cz');
INSERT INTO Teacher (teacher_id, first_name, last_name, email) VALUES (8, 'Aleš', 'Hájek', 'aleš.hájek114@centrum.cz');
INSERT INTO Teacher (teacher_id, first_name, last_name, email) VALUES (9, 'Karel', 'Růžička', 'karel.růžička115@gmail.com');
INSERT INTO Teacher (teacher_id, first_name, last_name, email) VALUES (10, 'Michal', 'Sedláček', 'michal.sedláček116@gmail.com');
INSERT INTO Teacher (teacher_id, first_name, last_name, email) VALUES (11, 'Roman', 'Horák', 'roman.horák117@centrum.cz');
INSERT INTO Teacher (teacher_id, first_name, last_name, email) VALUES (12, 'Dominik', 'Navrátil', 'dominik.navrátil118@seznam.cz');
INSERT INTO Teacher (teacher_id, first_name, last_name, email) VALUES (13, 'Roman', 'Kříž', 'roman.kříž119@seznam.cz');
INSERT INTO Teacher (teacher_id, first_name, last_name, email) VALUES (14, 'Marek', 'Novák', 'marek.novák120@gmail.com');
INSERT INTO Teacher (teacher_id, first_name, last_name, email) VALUES (15, 'Petr', 'Růžička', 'petr.růžička121@centrum.cz');
INSERT INTO Teacher (teacher_id, first_name, last_name, email) VALUES (1, 'Marie', 'Sedláčková', 'marie.sedláčková122@centrum.cz');
INSERT INTO Teacher (teacher_id, first_name, last_name, email) VALUES (2, 'Sandra', 'Horáková', 'sandra.horáková123@centrum.cz');
INSERT INTO Teacher (teacher_id, first_name, last_name, email) VALUES (3, 'Monika', 'Kolářová', 'monika.kolářová124@centrum.cz');
INSERT INTO Teacher (teacher_id, first_name, last_name, email) VALUES (4, 'Jitka', 'Jelínková', 'jitka.jelínková125@seznam.cz');
INSERT INTO Teacher (teacher_id, first_name, last_name, email) VALUES (5, 'Sára', 'Kovářová', 'sára.kovářová126@centrum.cz');
INSERT INTO Teacher (teacher_id, first_name, last_name, email) VALUES (6, 'Marie', 'Navrátilová', 'marie.navrátilová127@gmail.com');
INSERT INTO Teacher (teacher_id, first_name, last_name, email) VALUES (7, 'Silvie', 'Horáková', 'silvie.horáková128@seznam.cz');
INSERT INTO Teacher (teacher_id, first_name, last_name, email) VALUES (8, 'Gabriela', 'Zemanová', 'gabriela.zemanová129@seznam.cz');
INSERT INTO Teacher (teacher_id, first_name, last_name, email) VALUES (9, 'Sabina', 'Svobodová', 'sabina.svobodová130@centrum.cz');
INSERT INTO Teacher (teacher_id, first_name, last_name, email) VALUES (10, 'Viktorie', 'Sedláčková', 'viktorie.sedláčková131@centrum.cz');
INSERT INTO Teacher (teacher_id, first_name, last_name, email) VALUES (11, 'Simona', 'Zemanová', 'simona.zemanová132@centrum.cz');
INSERT INTO Teacher (teacher_id, first_name, last_name, email) VALUES (12, 'Alena', 'Šimková', 'alena.šimková133@centrum.cz');
INSERT INTO Teacher (teacher_id, first_name, last_name, email) VALUES (13, 'Markéta', 'Kučerová', 'markéta.kučerová134@gmail.com');
INSERT INTO Teacher (teacher_id, first_name, last_name, email) VALUES (14, 'Karolína', 'Růžičková', 'karolína.růžičková135@centrum.cz');
INSERT INTO Teacher (teacher_id, first_name, last_name, email) VALUES (15, 'Radka', 'Veselá', 'radka.veselá136@centrum.cz');
INSERT INTO Subject (subject_id, subject_name) VALUES (1, 'Český jazyk');
INSERT INTO Subject (subject_id, subject_name) VALUES (2, 'Anglický jazyk');
INSERT INTO Subject (subject_id, subject_name) VALUES (3, 'Matematika');
INSERT INTO Subject (subject_id, subject_name) VALUES (4, 'Fyzika');
INSERT INTO Subject (subject_id, subject_name) VALUES (5, 'Chemie');
INSERT INTO Subject (subject_id, subject_name) VALUES (6, 'Biologie');
INSERT INTO Subject (subject_id, subject_name) VALUES (7, 'Informatika');
INSERT INTO Subject (subject_id, subject_name) VALUES (8, 'Dějepis');
INSERT INTO Subject (subject_id, subject_name) VALUES (9, 'Zeměpis');
INSERT INTO Subject (subject_id, subject_name) VALUES (10, 'Hudební výchova');
INSERT INTO Subject (subject_id, subject_name) VALUES (11, 'Výtvarná výchova');
INSERT INTO Subject (subject_id, subject_name) VALUES (12, 'Tělesná výchova');
INSERT INTO Subject (subject_id, subject_name) VALUES (13, 'Španělský jazyk');
INSERT INTO Subject (subject_id, subject_name) VALUES (14, 'Německý jazyk');
INSERT INTO Subject (subject_id, subject_name) VALUES (15, 'Deskriptivní geometrie');
INSERT INTO Subject (subject_id, subject_name) VALUES (16, 'Ekonomie');
INSERT INTO Subject (subject_id, subject_name) VALUES (17, 'Ruský jazyk');
INSERT INTO Subject (subject_id, subject_name) VALUES (18, 'Analytická chemie');
INSERT INTO Subject (subject_id, subject_name) VALUES (19, 'Základy práva');
INSERT INTO Class (class_id, class_name, teacher_id) VALUES (1, 'Prima', 19);
INSERT INTO Class (class_id, class_name, teacher_id) VALUES (2, 'Sekunda', 21);
INSERT INTO Class (class_id, class_name, teacher_id) VALUES (3, 'Tercie', 3);
INSERT INTO Class (class_id, class_name, teacher_id) VALUES (4, 'Kvarta', 8);
INSERT INTO Class (class_id, class_name, teacher_id) VALUES (5, 'Kvinta', 22);
INSERT INTO Class (class_id, class_name, teacher_id) VALUES (6, 'Sexta', 15);
INSERT INTO Class (class_id, class_name, teacher_id) VALUES (7, 'Septima', 13);
INSERT INTO Class (class_id, class_name, teacher_id) VALUES (8, 'Oktava', 27);
INSERT INTO Lecture (lecture_id, subject_id, teacher_id, start_time, end_time) VALUES (1, 1, 26, TO_TIMESTAMP('14:56:25', 'YYYY-MM-DD HH24:MI:SS'), TO_TIMESTAMP('14:41:25', 'YYYY-MM-DD HH24:MI:SS'));
INSERT INTO Lecture (lecture_id, subject_id, teacher_id, start_time, end_time) VALUES (2, 1, 1, TO_TIMESTAMP('14:19:38', 'YYYY-MM-DD HH24:MI:SS'), TO_TIMESTAMP('14:04:38', 'YYYY-MM-DD HH24:MI:SS'));
INSERT INTO Lecture (lecture_id, subject_id, teacher_id, start_time, end_time) VALUES (3, 1, 16, TO_TIMESTAMP('14:02:09', 'YYYY-MM-DD HH24:MI:SS'), TO_TIMESTAMP('14:47:09', 'YYYY-MM-DD HH24:MI:SS'));
INSERT INTO Lecture (lecture_id, subject_id, teacher_id, start_time, end_time) VALUES (4, 1, 3, TO_TIMESTAMP('08:21:25', 'YYYY-MM-DD HH24:MI:SS'), TO_TIMESTAMP('08:06:25', 'YYYY-MM-DD HH24:MI:SS'));
INSERT INTO Lecture (lecture_id, subject_id, teacher_id, start_time, end_time) VALUES (5, 2, 19, TO_TIMESTAMP('16:16:52', 'YYYY-MM-DD HH24:MI:SS'), TO_TIMESTAMP('16:01:52', 'YYYY-MM-DD HH24:MI:SS'));
INSERT INTO Lecture (lecture_id, subject_id, teacher_id, start_time, end_time) VALUES (6, 2, 24, TO_TIMESTAMP('08:39:50', 'YYYY-MM-DD HH24:MI:SS'), TO_TIMESTAMP('08:24:50', 'YYYY-MM-DD HH24:MI:SS'));
INSERT INTO Lecture (lecture_id, subject_id, teacher_id, start_time, end_time) VALUES (7, 2, 19, TO_TIMESTAMP('16:55:18', 'YYYY-MM-DD HH24:MI:SS'), TO_TIMESTAMP('16:40:18', 'YYYY-MM-DD HH24:MI:SS'));
INSERT INTO Lecture (lecture_id, subject_id, teacher_id, start_time, end_time) VALUES (8, 2, 15, TO_TIMESTAMP('12:24:46', 'YYYY-MM-DD HH24:MI:SS'), TO_TIMESTAMP('12:09:46', 'YYYY-MM-DD HH24:MI:SS'));
INSERT INTO Lecture (lecture_id, subject_id, teacher_id, start_time, end_time) VALUES (9, 3, 12, TO_TIMESTAMP('08:20:42', 'YYYY-MM-DD HH24:MI:SS'), TO_TIMESTAMP('08:05:42', 'YYYY-MM-DD HH24:MI:SS'));
INSERT INTO Lecture (lecture_id, subject_id, teacher_id, start_time, end_time) VALUES (10, 3, 18, TO_TIMESTAMP('17:25:38', 'YYYY-MM-DD HH24:MI:SS'), TO_TIMESTAMP('17:10:38', 'YYYY-MM-DD HH24:MI:SS'));
INSERT INTO Lecture (lecture_id, subject_id, teacher_id, start_time, end_time) VALUES (11, 3, 27, TO_TIMESTAMP('13:57:30', 'YYYY-MM-DD HH24:MI:SS'), TO_TIMESTAMP('13:42:30', 'YYYY-MM-DD HH24:MI:SS'));
INSERT INTO Lecture (lecture_id, subject_id, teacher_id, start_time, end_time) VALUES (12, 3, 22, TO_TIMESTAMP('09:27:26', 'YYYY-MM-DD HH24:MI:SS'), TO_TIMESTAMP('09:12:26', 'YYYY-MM-DD HH24:MI:SS'));
INSERT INTO Lecture (lecture_id, subject_id, teacher_id, start_time, end_time) VALUES (13, 4, 7, TO_TIMESTAMP('10:43:15', 'YYYY-MM-DD HH24:MI:SS'), TO_TIMESTAMP('10:28:15', 'YYYY-MM-DD HH24:MI:SS'));
INSERT INTO Lecture (lecture_id, subject_id, teacher_id, start_time, end_time) VALUES (14, 4, 23, TO_TIMESTAMP('16:51:14', 'YYYY-MM-DD HH24:MI:SS'), TO_TIMESTAMP('16:36:14', 'YYYY-MM-DD HH24:MI:SS'));
INSERT INTO Lecture (lecture_id, subject_id, teacher_id, start_time, end_time) VALUES (15, 4, 28, TO_TIMESTAMP('17:20:42', 'YYYY-MM-DD HH24:MI:SS'), TO_TIMESTAMP('17:05:42', 'YYYY-MM-DD HH24:MI:SS'));
INSERT INTO Lecture (lecture_id, subject_id, teacher_id, start_time, end_time) VALUES (16, 4, 10, TO_TIMESTAMP('09:54:31', 'YYYY-MM-DD HH24:MI:SS'), TO_TIMESTAMP('09:39:31', 'YYYY-MM-DD HH24:MI:SS'));
INSERT INTO Lecture (lecture_id, subject_id, teacher_id, start_time, end_time) VALUES (17, 5, 5, TO_TIMESTAMP('16:56:30', 'YYYY-MM-DD HH24:MI:SS'), TO_TIMESTAMP('16:41:30', 'YYYY-MM-DD HH24:MI:SS'));
INSERT INTO Lecture (lecture_id, subject_id, teacher_id, start_time, end_time) VALUES (18, 5, 16, TO_TIMESTAMP('12:50:15', 'YYYY-MM-DD HH24:MI:SS'), TO_TIMESTAMP('12:35:15', 'YYYY-MM-DD HH24:MI:SS'));
INSERT INTO Lecture (lecture_id, subject_id, teacher_id, start_time, end_time) VALUES (19, 5, 30, TO_TIMESTAMP('16:32:01', 'YYYY-MM-DD HH24:MI:SS'), TO_TIMESTAMP('16:17:01', 'YYYY-MM-DD HH24:MI:SS'));
INSERT INTO Lecture (lecture_id, subject_id, teacher_id, start_time, end_time) VALUES (20, 5, 22, TO_TIMESTAMP('12:25:03', 'YYYY-MM-DD HH24:MI:SS'), TO_TIMESTAMP('12:10:03', 'YYYY-MM-DD HH24:MI:SS'));
INSERT INTO Lecture (lecture_id, subject_id, teacher_id, start_time, end_time) VALUES (21, 6, 4, TO_TIMESTAMP('08:51:57', 'YYYY-MM-DD HH24:MI:SS'), TO_TIMESTAMP('08:36:57', 'YYYY-MM-DD HH24:MI:SS'));
INSERT INTO Lecture (lecture_id, subject_id, teacher_id, start_time, end_time) VALUES (22, 6, 5, TO_TIMESTAMP('14:36:05', 'YYYY-MM-DD HH24:MI:SS'), TO_TIMESTAMP('14:21:05', 'YYYY-MM-DD HH24:MI:SS'));
INSERT INTO Lecture (lecture_id, subject_id, teacher_id, start_time, end_time) VALUES (23, 6, 10, TO_TIMESTAMP('14:14:16', 'YYYY-MM-DD HH24:MI:SS'), TO_TIMESTAMP('14:59:16', 'YYYY-MM-DD HH24:MI:SS'));
INSERT INTO Lecture (lecture_id, subject_id, teacher_id, start_time, end_time) VALUES (24, 6, 11, TO_TIMESTAMP('15:59:59', 'YYYY-MM-DD HH24:MI:SS'), TO_TIMESTAMP('15:44:59', 'YYYY-MM-DD HH24:MI:SS'));
INSERT INTO Lecture (lecture_id, subject_id, teacher_id, start_time, end_time) VALUES (25, 7, 2, TO_TIMESTAMP('17:42:00', 'YYYY-MM-DD HH24:MI:SS'), TO_TIMESTAMP('17:27:00', 'YYYY-MM-DD HH24:MI:SS'));
INSERT INTO Lecture (lecture_id, subject_id, teacher_id, start_time, end_time) VALUES (26, 7, 24, TO_TIMESTAMP('09:27:41', 'YYYY-MM-DD HH24:MI:SS'), TO_TIMESTAMP('09:12:41', 'YYYY-MM-DD HH24:MI:SS'));
INSERT INTO Lecture (lecture_id, subject_id, teacher_id, start_time, end_time) VALUES (27, 7, 17, TO_TIMESTAMP('17:36:53', 'YYYY-MM-DD HH24:MI:SS'), TO_TIMESTAMP('17:21:53', 'YYYY-MM-DD HH24:MI:SS'));
INSERT INTO Lecture (lecture_id, subject_id, teacher_id, start_time, end_time) VALUES (28, 7, 9, TO_TIMESTAMP('15:13:16', 'YYYY-MM-DD HH24:MI:SS'), TO_TIMESTAMP('15:58:16', 'YYYY-MM-DD HH24:MI:SS'));
INSERT INTO Lecture (lecture_id, subject_id, teacher_id, start_time, end_time) VALUES (29, 8, 15, TO_TIMESTAMP('10:07:21', 'YYYY-MM-DD HH24:MI:SS'), TO_TIMESTAMP('10:52:21', 'YYYY-MM-DD HH24:MI:SS'));
INSERT INTO Lecture (lecture_id, subject_id, teacher_id, start_time, end_time) VALUES (30, 8, 16, TO_TIMESTAMP('09:46:14', 'YYYY-MM-DD HH24:MI:SS'), TO_TIMESTAMP('09:31:14', 'YYYY-MM-DD HH24:MI:SS'));
INSERT INTO Lecture (lecture_id, subject_id, teacher_id, start_time, end_time) VALUES (31, 8, 19, TO_TIMESTAMP('16:41:24', 'YYYY-MM-DD HH24:MI:SS'), TO_TIMESTAMP('16:26:24', 'YYYY-MM-DD HH24:MI:SS'));
INSERT INTO Lecture (lecture_id, subject_id, teacher_id, start_time, end_time) VALUES (32, 8, 8, TO_TIMESTAMP('09:29:53', 'YYYY-MM-DD HH24:MI:SS'), TO_TIMESTAMP('09:14:53', 'YYYY-MM-DD HH24:MI:SS'));
INSERT INTO Lecture (lecture_id, subject_id, teacher_id, start_time, end_time) VALUES (33, 9, 25, TO_TIMESTAMP('16:23:33', 'YYYY-MM-DD HH24:MI:SS'), TO_TIMESTAMP('16:08:33', 'YYYY-MM-DD HH24:MI:SS'));
INSERT INTO Lecture (lecture_id, subject_id, teacher_id, start_time, end_time) VALUES (34, 9, 22, TO_TIMESTAMP('16:22:44', 'YYYY-MM-DD HH24:MI:SS'), TO_TIMESTAMP('16:07:44', 'YYYY-MM-DD HH24:MI:SS'));
INSERT INTO Lecture (lecture_id, subject_id, teacher_id, start_time, end_time) VALUES (35, 9, 11, TO_TIMESTAMP('08:24:02', 'YYYY-MM-DD HH24:MI:SS'), TO_TIMESTAMP('08:09:02', 'YYYY-MM-DD HH24:MI:SS'));
INSERT INTO Lecture (lecture_id, subject_id, teacher_id, start_time, end_time) VALUES (36, 9, 22, TO_TIMESTAMP('09:33:14', 'YYYY-MM-DD HH24:MI:SS'), TO_TIMESTAMP('09:18:14', 'YYYY-MM-DD HH24:MI:SS'));
INSERT INTO Lecture (lecture_id, subject_id, teacher_id, start_time, end_time) VALUES (37, 10, 15, TO_TIMESTAMP('15:53:00', 'YYYY-MM-DD HH24:MI:SS'), TO_TIMESTAMP('15:38:00', 'YYYY-MM-DD HH24:MI:SS'));
INSERT INTO Lecture (lecture_id, subject_id, teacher_id, start_time, end_time) VALUES (38, 10, 10, TO_TIMESTAMP('08:56:22', 'YYYY-MM-DD HH24:MI:SS'), TO_TIMESTAMP('08:41:22', 'YYYY-MM-DD HH24:MI:SS'));
INSERT INTO Lecture (lecture_id, subject_id, teacher_id, start_time, end_time) VALUES (39, 10, 9, TO_TIMESTAMP('08:14:08', 'YYYY-MM-DD HH24:MI:SS'), TO_TIMESTAMP('08:59:08', 'YYYY-MM-DD HH24:MI:SS'));
INSERT INTO Lecture (lecture_id, subject_id, teacher_id, start_time, end_time) VALUES (40, 10, 14, TO_TIMESTAMP('13:10:52', 'YYYY-MM-DD HH24:MI:SS'), TO_TIMESTAMP('13:55:52', 'YYYY-MM-DD HH24:MI:SS'));
INSERT INTO Lecture (lecture_id, subject_id, teacher_id, start_time, end_time) VALUES (41, 11, 8, TO_TIMESTAMP('16:37:08', 'YYYY-MM-DD HH24:MI:SS'), TO_TIMESTAMP('16:22:08', 'YYYY-MM-DD HH24:MI:SS'));
INSERT INTO Lecture (lecture_id, subject_id, teacher_id, start_time, end_time) VALUES (42, 11, 24, TO_TIMESTAMP('09:06:54', 'YYYY-MM-DD HH24:MI:SS'), TO_TIMESTAMP('09:51:54', 'YYYY-MM-DD HH24:MI:SS'));
INSERT INTO Lecture (lecture_id, subject_id, teacher_id, start_time, end_time) VALUES (43, 11, 19, TO_TIMESTAMP('12:04:08', 'YYYY-MM-DD HH24:MI:SS'), TO_TIMESTAMP('12:49:08', 'YYYY-MM-DD HH24:MI:SS'));
INSERT INTO Lecture (lecture_id, subject_id, teacher_id, start_time, end_time) VALUES (44, 11, 24, TO_TIMESTAMP('13:45:37', 'YYYY-MM-DD HH24:MI:SS'), TO_TIMESTAMP('13:30:37', 'YYYY-MM-DD HH24:MI:SS'));
INSERT INTO Lecture (lecture_id, subject_id, teacher_id, start_time, end_time) VALUES (45, 12, 3, TO_TIMESTAMP('09:34:11', 'YYYY-MM-DD HH24:MI:SS'), TO_TIMESTAMP('09:19:11', 'YYYY-MM-DD HH24:MI:SS'));
INSERT INTO Lecture (lecture_id, subject_id, teacher_id, start_time, end_time) VALUES (46, 12, 22, TO_TIMESTAMP('08:00:03', 'YYYY-MM-DD HH24:MI:SS'), TO_TIMESTAMP('08:45:03', 'YYYY-MM-DD HH24:MI:SS'));
INSERT INTO Lecture (lecture_id, subject_id, teacher_id, start_time, end_time) VALUES (47, 12, 13, TO_TIMESTAMP('11:33:21', 'YYYY-MM-DD HH24:MI:SS'), TO_TIMESTAMP('11:18:21', 'YYYY-MM-DD HH24:MI:SS'));
INSERT INTO Lecture (lecture_id, subject_id, teacher_id, start_time, end_time) VALUES (48, 12, 24, TO_TIMESTAMP('10:39:48', 'YYYY-MM-DD HH24:MI:SS'), TO_TIMESTAMP('10:24:48', 'YYYY-MM-DD HH24:MI:SS'));
INSERT INTO Lecture (lecture_id, subject_id, teacher_id, start_time, end_time) VALUES (49, 13, 23, TO_TIMESTAMP('08:01:37', 'YYYY-MM-DD HH24:MI:SS'), TO_TIMESTAMP('08:46:37', 'YYYY-MM-DD HH24:MI:SS'));
INSERT INTO Lecture (lecture_id, subject_id, teacher_id, start_time, end_time) VALUES (50, 13, 24, TO_TIMESTAMP('14:46:50', 'YYYY-MM-DD HH24:MI:SS'), TO_TIMESTAMP('14:31:50', 'YYYY-MM-DD HH24:MI:SS'));
INSERT INTO Lecture (lecture_id, subject_id, teacher_id, start_time, end_time) VALUES (51, 13, 10, TO_TIMESTAMP('08:26:04', 'YYYY-MM-DD HH24:MI:SS'), TO_TIMESTAMP('08:11:04', 'YYYY-MM-DD HH24:MI:SS'));
INSERT INTO Lecture (lecture_id, subject_id, teacher_id, start_time, end_time) VALUES (52, 13, 12, TO_TIMESTAMP('17:38:46', 'YYYY-MM-DD HH24:MI:SS'), TO_TIMESTAMP('17:23:46', 'YYYY-MM-DD HH24:MI:SS'));
INSERT INTO Lecture (lecture_id, subject_id, teacher_id, start_time, end_time) VALUES (53, 14, 4, TO_TIMESTAMP('17:31:47', 'YYYY-MM-DD HH24:MI:SS'), TO_TIMESTAMP('17:16:47', 'YYYY-MM-DD HH24:MI:SS'));
INSERT INTO Lecture (lecture_id, subject_id, teacher_id, start_time, end_time) VALUES (54, 14, 19, TO_TIMESTAMP('15:37:39', 'YYYY-MM-DD HH24:MI:SS'), TO_TIMESTAMP('15:22:39', 'YYYY-MM-DD HH24:MI:SS'));
INSERT INTO Lecture (lecture_id, subject_id, teacher_id, start_time, end_time) VALUES (55, 14, 11, TO_TIMESTAMP('14:58:32', 'YYYY-MM-DD HH24:MI:SS'), TO_TIMESTAMP('14:43:32', 'YYYY-MM-DD HH24:MI:SS'));
INSERT INTO Lecture (lecture_id, subject_id, teacher_id, start_time, end_time) VALUES (56, 14, 11, TO_TIMESTAMP('17:00:47', 'YYYY-MM-DD HH24:MI:SS'), TO_TIMESTAMP('17:45:47', 'YYYY-MM-DD HH24:MI:SS'));
INSERT INTO Lecture (lecture_id, subject_id, teacher_id, start_time, end_time) VALUES (57, 15, 13, TO_TIMESTAMP('08:47:15', 'YYYY-MM-DD HH24:MI:SS'), TO_TIMESTAMP('08:32:15', 'YYYY-MM-DD HH24:MI:SS'));
INSERT INTO Lecture (lecture_id, subject_id, teacher_id, start_time, end_time) VALUES (58, 15, 8, TO_TIMESTAMP('17:11:34', 'YYYY-MM-DD HH24:MI:SS'), TO_TIMESTAMP('17:56:34', 'YYYY-MM-DD HH24:MI:SS'));
INSERT INTO Lecture (lecture_id, subject_id, teacher_id, start_time, end_time) VALUES (59, 15, 18, TO_TIMESTAMP('16:48:32', 'YYYY-MM-DD HH24:MI:SS'), TO_TIMESTAMP('16:33:32', 'YYYY-MM-DD HH24:MI:SS'));
INSERT INTO Lecture (lecture_id, subject_id, teacher_id, start_time, end_time) VALUES (60, 15, 30, TO_TIMESTAMP('08:40:38', 'YYYY-MM-DD HH24:MI:SS'), TO_TIMESTAMP('08:25:38', 'YYYY-MM-DD HH24:MI:SS'));
INSERT INTO Lecture (lecture_id, subject_id, teacher_id, start_time, end_time) VALUES (61, 16, 30, TO_TIMESTAMP('09:11:42', 'YYYY-MM-DD HH24:MI:SS'), TO_TIMESTAMP('09:56:42', 'YYYY-MM-DD HH24:MI:SS'));
INSERT INTO Lecture (lecture_id, subject_id, teacher_id, start_time, end_time) VALUES (62, 16, 28, TO_TIMESTAMP('09:44:54', 'YYYY-MM-DD HH24:MI:SS'), TO_TIMESTAMP('09:29:54', 'YYYY-MM-DD HH24:MI:SS'));
INSERT INTO Lecture (lecture_id, subject_id, teacher_id, start_time, end_time) VALUES (63, 16, 9, TO_TIMESTAMP('15:23:02', 'YYYY-MM-DD HH24:MI:SS'), TO_TIMESTAMP('15:08:02', 'YYYY-MM-DD HH24:MI:SS'));
INSERT INTO Lecture (lecture_id, subject_id, teacher_id, start_time, end_time) VALUES (64, 16, 12, TO_TIMESTAMP('11:02:41', 'YYYY-MM-DD HH24:MI:SS'), TO_TIMESTAMP('11:47:41', 'YYYY-MM-DD HH24:MI:SS'));
INSERT INTO Lecture (lecture_id, subject_id, teacher_id, start_time, end_time) VALUES (65, 17, 8, TO_TIMESTAMP('13:56:46', 'YYYY-MM-DD HH24:MI:SS'), TO_TIMESTAMP('13:41:46', 'YYYY-MM-DD HH24:MI:SS'));
INSERT INTO Lecture (lecture_id, subject_id, teacher_id, start_time, end_time) VALUES (66, 17, 2, TO_TIMESTAMP('09:25:31', 'YYYY-MM-DD HH24:MI:SS'), TO_TIMESTAMP('09:10:31', 'YYYY-MM-DD HH24:MI:SS'));
INSERT INTO Lecture (lecture_id, subject_id, teacher_id, start_time, end_time) VALUES (67, 17, 20, TO_TIMESTAMP('09:14:55', 'YYYY-MM-DD HH24:MI:SS'), TO_TIMESTAMP('09:59:55', 'YYYY-MM-DD HH24:MI:SS'));
INSERT INTO Lecture (lecture_id, subject_id, teacher_id, start_time, end_time) VALUES (68, 17, 27, TO_TIMESTAMP('15:41:58', 'YYYY-MM-DD HH24:MI:SS'), TO_TIMESTAMP('15:26:58', 'YYYY-MM-DD HH24:MI:SS'));
INSERT INTO Lecture (lecture_id, subject_id, teacher_id, start_time, end_time) VALUES (69, 18, 13, TO_TIMESTAMP('15:04:59', 'YYYY-MM-DD HH24:MI:SS'), TO_TIMESTAMP('15:49:59', 'YYYY-MM-DD HH24:MI:SS'));
INSERT INTO Lecture (lecture_id, subject_id, teacher_id, start_time, end_time) VALUES (70, 18, 8, TO_TIMESTAMP('10:38:01', 'YYYY-MM-DD HH24:MI:SS'), TO_TIMESTAMP('10:23:01', 'YYYY-MM-DD HH24:MI:SS'));
INSERT INTO Lecture (lecture_id, subject_id, teacher_id, start_time, end_time) VALUES (71, 18, 13, TO_TIMESTAMP('14:42:53', 'YYYY-MM-DD HH24:MI:SS'), TO_TIMESTAMP('14:27:53', 'YYYY-MM-DD HH24:MI:SS'));
INSERT INTO Lecture (lecture_id, subject_id, teacher_id, start_time, end_time) VALUES (72, 18, 15, TO_TIMESTAMP('10:25:46', 'YYYY-MM-DD HH24:MI:SS'), TO_TIMESTAMP('10:10:46', 'YYYY-MM-DD HH24:MI:SS'));
INSERT INTO Lecture (lecture_id, subject_id, teacher_id, start_time, end_time) VALUES (73, 19, 18, TO_TIMESTAMP('15:24:15', 'YYYY-MM-DD HH24:MI:SS'), TO_TIMESTAMP('15:09:15', 'YYYY-MM-DD HH24:MI:SS'));
INSERT INTO Lecture (lecture_id, subject_id, teacher_id, start_time, end_time) VALUES (74, 19, 2, TO_TIMESTAMP('08:28:23', 'YYYY-MM-DD HH24:MI:SS'), TO_TIMESTAMP('08:13:23', 'YYYY-MM-DD HH24:MI:SS'));
INSERT INTO Lecture (lecture_id, subject_id, teacher_id, start_time, end_time) VALUES (75, 19, 14, TO_TIMESTAMP('10:54:45', 'YYYY-MM-DD HH24:MI:SS'), TO_TIMESTAMP('10:39:45', 'YYYY-MM-DD HH24:MI:SS'));
INSERT INTO Lecture (lecture_id, subject_id, teacher_id, start_time, end_time) VALUES (76, 19, 22, TO_TIMESTAMP('13:46:29', 'YYYY-MM-DD HH24:MI:SS'), TO_TIMESTAMP('13:31:29', 'YYYY-MM-DD HH24:MI:SS'));
INSERT INTO Student_Parent (student_id, parent_id) VALUES (3, 1);
INSERT INTO Student_Parent (student_id, parent_id) VALUES (16, 1);
INSERT INTO Student_Parent (student_id, parent_id) VALUES (11, 2);
INSERT INTO Student_Parent (student_id, parent_id) VALUES (33, 3);
INSERT INTO Student_Parent (student_id, parent_id) VALUES (2, 3);
INSERT INTO Student_Parent (student_id, parent_id) VALUES (36, 3);
INSERT INTO Student_Parent (student_id, parent_id) VALUES (30, 4);
INSERT INTO Student_Parent (student_id, parent_id) VALUES (22, 5);
INSERT INTO Student_Parent (student_id, parent_id) VALUES (36, 5);
INSERT INTO Student_Parent (student_id, parent_id) VALUES (5, 5);
INSERT INTO Student_Parent (student_id, parent_id) VALUES (20, 6);
INSERT INTO Student_Parent (student_id, parent_id) VALUES (21, 6);
INSERT INTO Student_Parent (student_id, parent_id) VALUES (40, 7);
INSERT INTO Student_Parent (student_id, parent_id) VALUES (2, 7);
INSERT INTO Student_Parent (student_id, parent_id) VALUES (22, 7);
INSERT INTO Student_Parent (student_id, parent_id) VALUES (6, 8);
INSERT INTO Student_Parent (student_id, parent_id) VALUES (18, 9);
INSERT INTO Student_Parent (student_id, parent_id) VALUES (8, 9);
INSERT INTO Student_Parent (student_id, parent_id) VALUES (39, 10);
INSERT INTO Student_Parent (student_id, parent_id) VALUES (4, 11);
INSERT INTO Student_Parent (student_id, parent_id) VALUES (6, 11);
INSERT INTO Student_Parent (student_id, parent_id) VALUES (1, 12);
INSERT INTO Student_Parent (student_id, parent_id) VALUES (10, 12);
INSERT INTO Student_Parent (student_id, parent_id) VALUES (12, 13);
INSERT INTO Student_Parent (student_id, parent_id) VALUES (10, 13);
INSERT INTO Student_Parent (student_id, parent_id) VALUES (37, 13);
INSERT INTO Student_Parent (student_id, parent_id) VALUES (38, 14);
INSERT INTO Student_Parent (student_id, parent_id) VALUES (15, 15);
INSERT INTO Student_Parent (student_id, parent_id) VALUES (37, 16);
INSERT INTO Student_Parent (student_id, parent_id) VALUES (25, 17);
INSERT INTO Student_Parent (student_id, parent_id) VALUES (8, 17);
INSERT INTO Student_Parent (student_id, parent_id) VALUES (32, 17);
INSERT INTO Student_Parent (student_id, parent_id) VALUES (14, 18);
INSERT INTO Student_Parent (student_id, parent_id) VALUES (32, 18);
INSERT INTO Student_Parent (student_id, parent_id) VALUES (4, 19);
INSERT INTO Student_Parent (student_id, parent_id) VALUES (30, 20);
INSERT INTO Student_Parent (student_id, parent_id) VALUES (9, 20);
INSERT INTO Student_Parent (student_id, parent_id) VALUES (40, 20);
INSERT INTO Student_Parent (student_id, parent_id) VALUES (33, 21);
INSERT INTO Student_Parent (student_id, parent_id) VALUES (14, 22);
INSERT INTO Student_Parent (student_id, parent_id) VALUES (9, 23);
INSERT INTO Student_Parent (student_id, parent_id) VALUES (38, 24);
INSERT INTO Student_Parent (student_id, parent_id) VALUES (34, 24);
INSERT INTO Student_Parent (student_id, parent_id) VALUES (26, 24);
INSERT INTO Student_Parent (student_id, parent_id) VALUES (35, 25);
INSERT INTO Student_Parent (student_id, parent_id) VALUES (24, 26);
INSERT INTO Student_Parent (student_id, parent_id) VALUES (29, 27);
INSERT INTO Student_Parent (student_id, parent_id) VALUES (19, 28);
INSERT INTO Student_Parent (student_id, parent_id) VALUES (23, 29);
INSERT INTO Student_Parent (student_id, parent_id) VALUES (29, 29);
INSERT INTO Student_Parent (student_id, parent_id) VALUES (16, 30);
INSERT INTO Student_Parent (student_id, parent_id) VALUES (7, 30);
INSERT INTO Student_Parent (student_id, parent_id) VALUES (5, 30);
INSERT INTO Student_Parent (student_id, parent_id) VALUES (28, 31);
INSERT INTO Student_Parent (student_id, parent_id) VALUES (17, 31);
INSERT INTO Student_Parent (student_id, parent_id) VALUES (7, 31);
INSERT INTO Student_Parent (student_id, parent_id) VALUES (12, 32);
INSERT INTO Student_Parent (student_id, parent_id) VALUES (11, 32);
INSERT INTO Student_Parent (student_id, parent_id) VALUES (19, 32);
INSERT INTO Student_Parent (student_id, parent_id) VALUES (31, 33);
INSERT INTO Student_Parent (student_id, parent_id) VALUES (21, 33);
INSERT INTO Student_Parent (student_id, parent_id) VALUES (20, 33);
INSERT INTO Student_Parent (student_id, parent_id) VALUES (28, 34);
INSERT INTO Student_Parent (student_id, parent_id) VALUES (1, 35);
INSERT INTO Student_Parent (student_id, parent_id) VALUES (27, 35);
INSERT INTO Student_Parent (student_id, parent_id) VALUES (39, 35);
INSERT INTO Student_Parent (student_id, parent_id) VALUES (17, 36);
INSERT INTO Student_Parent (student_id, parent_id) VALUES (24, 36);
INSERT INTO Student_Parent (student_id, parent_id) VALUES (25, 36);
INSERT INTO Student_Parent (student_id, parent_id) VALUES (35, 37);
INSERT INTO Student_Parent (student_id, parent_id) VALUES (3, 37);
INSERT INTO Student_Parent (student_id, parent_id) VALUES (27, 37);
INSERT INTO Student_Parent (student_id, parent_id) VALUES (23, 38);
INSERT INTO Student_Parent (student_id, parent_id) VALUES (18, 39);
INSERT INTO Student_Parent (student_id, parent_id) VALUES (13, 40);
INSERT INTO Student_Parent (student_id, parent_id) VALUES (31, 40);
INSERT INTO Student_Parent (student_id, parent_id) VALUES (34, 40);
INSERT INTO Student_Parent (student_id, parent_id) VALUES (26, 41);
INSERT INTO Student_Parent (student_id, parent_id) VALUES (15, 42);
INSERT INTO Student_Parent (student_id, parent_id) VALUES (13, 43);
INSERT INTO Subject_Teacher (subject_id, teacher_id) VALUES (3, 1);
INSERT INTO Subject_Teacher (subject_id, teacher_id) VALUES (10, 1);
INSERT INTO Subject_Teacher (subject_id, teacher_id) VALUES (6, 1);
INSERT INTO Subject_Teacher (subject_id, teacher_id) VALUES (12, 2);
INSERT INTO Subject_Teacher (subject_id, teacher_id) VALUES (7, 2);
INSERT INTO Subject_Teacher (subject_id, teacher_id) VALUES (13, 3);
INSERT INTO Subject_Teacher (subject_id, teacher_id) VALUES (11, 3);
INSERT INTO Subject_Teacher (subject_id, teacher_id) VALUES (1, 3);
INSERT INTO Subject_Teacher (subject_id, teacher_id) VALUES (1, 4);
INSERT INTO Subject_Teacher (subject_id, teacher_id) VALUES (19, 4);
INSERT INTO Subject_Teacher (subject_id, teacher_id) VALUES (13, 4);
INSERT INTO Subject_Teacher (subject_id, teacher_id) VALUES (16, 5);
INSERT INTO Subject_Teacher (subject_id, teacher_id) VALUES (5, 5);
INSERT INTO Subject_Teacher (subject_id, teacher_id) VALUES (3, 6);
INSERT INTO Subject_Teacher (subject_id, teacher_id) VALUES (15, 6);
INSERT INTO Subject_Teacher (subject_id, teacher_id) VALUES (2, 7);
INSERT INTO Subject_Teacher (subject_id, teacher_id) VALUES (3, 7);
INSERT INTO Subject_Teacher (subject_id, teacher_id) VALUES (19, 7);
INSERT INTO Subject_Teacher (subject_id, teacher_id) VALUES (14, 8);
INSERT INTO Subject_Teacher (subject_id, teacher_id) VALUES (11, 8);
INSERT INTO Subject_Teacher (subject_id, teacher_id) VALUES (8, 9);
INSERT INTO Subject_Teacher (subject_id, teacher_id) VALUES (14, 9);
INSERT INTO Subject_Teacher (subject_id, teacher_id) VALUES (13, 10);
INSERT INTO Subject_Teacher (subject_id, teacher_id) VALUES (5, 10);
INSERT INTO Subject_Teacher (subject_id, teacher_id) VALUES (7, 10);
INSERT INTO Subject_Teacher (subject_id, teacher_id) VALUES (13, 11);
INSERT INTO Subject_Teacher (subject_id, teacher_id) VALUES (12, 11);
INSERT INTO Subject_Teacher (subject_id, teacher_id) VALUES (8, 11);
INSERT INTO Subject_Teacher (subject_id, teacher_id) VALUES (14, 12);
INSERT INTO Subject_Teacher (subject_id, teacher_id) VALUES (19, 12);
INSERT INTO Subject_Teacher (subject_id, teacher_id) VALUES (14, 13);
INSERT INTO Subject_Teacher (subject_id, teacher_id) VALUES (5, 13);
INSERT INTO Subject_Teacher (subject_id, teacher_id) VALUES (15, 14);
INSERT INTO Subject_Teacher (subject_id, teacher_id) VALUES (14, 14);
INSERT INTO Subject_Teacher (subject_id, teacher_id) VALUES (3, 14);
INSERT INTO Subject_Teacher (subject_id, teacher_id) VALUES (10, 15);
INSERT INTO Subject_Teacher (subject_id, teacher_id) VALUES (13, 15);
INSERT INTO Subject_Teacher (subject_id, teacher_id) VALUES (13, 16);
INSERT INTO Subject_Teacher (subject_id, teacher_id) VALUES (19, 16);
INSERT INTO Subject_Teacher (subject_id, teacher_id) VALUES (4, 17);
INSERT INTO Subject_Teacher (subject_id, teacher_id) VALUES (11, 17);
INSERT INTO Subject_Teacher (subject_id, teacher_id) VALUES (17, 17);
INSERT INTO Subject_Teacher (subject_id, teacher_id) VALUES (5, 18);
INSERT INTO Subject_Teacher (subject_id, teacher_id) VALUES (14, 18);
INSERT INTO Subject_Teacher (subject_id, teacher_id) VALUES (13, 18);
INSERT INTO Subject_Teacher (subject_id, teacher_id) VALUES (16, 19);
INSERT INTO Subject_Teacher (subject_id, teacher_id) VALUES (8, 19);
INSERT INTO Subject_Teacher (subject_id, teacher_id) VALUES (3, 19);
INSERT INTO Subject_Teacher (subject_id, teacher_id) VALUES (15, 20);
INSERT INTO Subject_Teacher (subject_id, teacher_id) VALUES (14, 20);
INSERT INTO Subject_Teacher (subject_id, teacher_id) VALUES (1, 20);
INSERT INTO Subject_Teacher (subject_id, teacher_id) VALUES (7, 21);
INSERT INTO Subject_Teacher (subject_id, teacher_id) VALUES (8, 21);
INSERT INTO Subject_Teacher (subject_id, teacher_id) VALUES (19, 21);
INSERT INTO Subject_Teacher (subject_id, teacher_id) VALUES (9, 22);
INSERT INTO Subject_Teacher (subject_id, teacher_id) VALUES (17, 22);
INSERT INTO Subject_Teacher (subject_id, teacher_id) VALUES (15, 22);
INSERT INTO Subject_Teacher (subject_id, teacher_id) VALUES (13, 23);
INSERT INTO Subject_Teacher (subject_id, teacher_id) VALUES (18, 23);
INSERT INTO Subject_Teacher (subject_id, teacher_id) VALUES (19, 23);
INSERT INTO Subject_Teacher (subject_id, teacher_id) VALUES (15, 24);
INSERT INTO Subject_Teacher (subject_id, teacher_id) VALUES (2, 24);
INSERT INTO Subject_Teacher (subject_id, teacher_id) VALUES (19, 24);
INSERT INTO Subject_Teacher (subject_id, teacher_id) VALUES (1, 25);
INSERT INTO Subject_Teacher (subject_id, teacher_id) VALUES (19, 25);
INSERT INTO Subject_Teacher (subject_id, teacher_id) VALUES (7, 25);
INSERT INTO Subject_Teacher (subject_id, teacher_id) VALUES (13, 26);
INSERT INTO Subject_Teacher (subject_id, teacher_id) VALUES (19, 26);
INSERT INTO Subject_Teacher (subject_id, teacher_id) VALUES (5, 26);
INSERT INTO Subject_Teacher (subject_id, teacher_id) VALUES (10, 27);
INSERT INTO Subject_Teacher (subject_id, teacher_id) VALUES (5, 27);
INSERT INTO Subject_Teacher (subject_id, teacher_id) VALUES (18, 27);
INSERT INTO Subject_Teacher (subject_id, teacher_id) VALUES (13, 28);
INSERT INTO Subject_Teacher (subject_id, teacher_id) VALUES (14, 28);
INSERT INTO Subject_Teacher (subject_id, teacher_id) VALUES (7, 28);
INSERT INTO Subject_Teacher (subject_id, teacher_id) VALUES (4, 29);
INSERT INTO Subject_Teacher (subject_id, teacher_id) VALUES (9, 29);
INSERT INTO Subject_Teacher (subject_id, teacher_id) VALUES (12, 29);
INSERT INTO Subject_Teacher (subject_id, teacher_id) VALUES (14, 30);
INSERT INTO Subject_Teacher (subject_id, teacher_id) VALUES (7, 30);
INSERT INTO Subject_Teacher (subject_id, teacher_id) VALUES (12, 30);
INSERT INTO Student_Subject (student_id, subject_id) VALUES (1, 8);
INSERT INTO Student_Subject (student_id, subject_id) VALUES (1, 14);
INSERT INTO Student_Subject (student_id, subject_id) VALUES (1, 13);
INSERT INTO Student_Subject (student_id, subject_id) VALUES (1, 17);
INSERT INTO Student_Subject (student_id, subject_id) VALUES (1, 1);
INSERT INTO Student_Subject (student_id, subject_id) VALUES (1, 9);
INSERT INTO Student_Subject (student_id, subject_id) VALUES (1, 7);
INSERT INTO Student_Subject (student_id, subject_id) VALUES (1, 19);
INSERT INTO Student_Subject (student_id, subject_id) VALUES (1, 10);
INSERT INTO Student_Subject (student_id, subject_id) VALUES (2, 8);
INSERT INTO Student_Subject (student_id, subject_id) VALUES (2, 12);
INSERT INTO Student_Subject (student_id, subject_id) VALUES (2, 2);
INSERT INTO Student_Subject (student_id, subject_id) VALUES (2, 17);
INSERT INTO Student_Subject (student_id, subject_id) VALUES (2, 3);
INSERT INTO Student_Subject (student_id, subject_id) VALUES (2, 6);
INSERT INTO Student_Subject (student_id, subject_id) VALUES (2, 1);
INSERT INTO Student_Subject (student_id, subject_id) VALUES (2, 11);
INSERT INTO Student_Subject (student_id, subject_id) VALUES (2, 15);
INSERT INTO Student_Subject (student_id, subject_id) VALUES (2, 5);
INSERT INTO Student_Subject (student_id, subject_id) VALUES (3, 11);
INSERT INTO Student_Subject (student_id, subject_id) VALUES (3, 3);
INSERT INTO Student_Subject (student_id, subject_id) VALUES (3, 14);
INSERT INTO Student_Subject (student_id, subject_id) VALUES (3, 13);
INSERT INTO Student_Subject (student_id, subject_id) VALUES (3, 7);
INSERT INTO Student_Subject (student_id, subject_id) VALUES (3, 10);
INSERT INTO Student_Subject (student_id, subject_id) VALUES (3, 2);
INSERT INTO Student_Subject (student_id, subject_id) VALUES (3, 17);
INSERT INTO Student_Subject (student_id, subject_id) VALUES (3, 12);
INSERT INTO Student_Subject (student_id, subject_id) VALUES (4, 10);
INSERT INTO Student_Subject (student_id, subject_id) VALUES (4, 12);
INSERT INTO Student_Subject (student_id, subject_id) VALUES (4, 8);
INSERT INTO Student_Subject (student_id, subject_id) VALUES (4, 19);
INSERT INTO Student_Subject (student_id, subject_id) VALUES (4, 9);
INSERT INTO Student_Subject (student_id, subject_id) VALUES (4, 15);
INSERT INTO Student_Subject (student_id, subject_id) VALUES (4, 13);
INSERT INTO Student_Subject (student_id, subject_id) VALUES (4, 18);
INSERT INTO Student_Subject (student_id, subject_id) VALUES (4, 5);
INSERT INTO Student_Subject (student_id, subject_id) VALUES (4, 7);
INSERT INTO Student_Subject (student_id, subject_id) VALUES (5, 5);
INSERT INTO Student_Subject (student_id, subject_id) VALUES (5, 19);
INSERT INTO Student_Subject (student_id, subject_id) VALUES (5, 9);
INSERT INTO Student_Subject (student_id, subject_id) VALUES (5, 3);
INSERT INTO Student_Subject (student_id, subject_id) VALUES (5, 4);
INSERT INTO Student_Subject (student_id, subject_id) VALUES (5, 18);
INSERT INTO Student_Subject (student_id, subject_id) VALUES (5, 14);
INSERT INTO Student_Subject (student_id, subject_id) VALUES (5, 13);
INSERT INTO Student_Subject (student_id, subject_id) VALUES (5, 1);
INSERT INTO Student_Subject (student_id, subject_id) VALUES (5, 15);
INSERT INTO Student_Subject (student_id, subject_id) VALUES (6, 10);
INSERT INTO Student_Subject (student_id, subject_id) VALUES (6, 13);
INSERT INTO Student_Subject (student_id, subject_id) VALUES (6, 8);
INSERT INTO Student_Subject (student_id, subject_id) VALUES (6, 3);
INSERT INTO Student_Subject (student_id, subject_id) VALUES (6, 14);
INSERT INTO Student_Subject (student_id, subject_id) VALUES (6, 11);
INSERT INTO Student_Subject (student_id, subject_id) VALUES (6, 2);
INSERT INTO Student_Subject (student_id, subject_id) VALUES (6, 12);
INSERT INTO Student_Subject (student_id, subject_id) VALUES (7, 17);
INSERT INTO Student_Subject (student_id, subject_id) VALUES (7, 4);
INSERT INTO Student_Subject (student_id, subject_id) VALUES (7, 10);
INSERT INTO Student_Subject (student_id, subject_id) VALUES (7, 2);
INSERT INTO Student_Subject (student_id, subject_id) VALUES (7, 12);
INSERT INTO Student_Subject (student_id, subject_id) VALUES (7, 19);
INSERT INTO Student_Subject (student_id, subject_id) VALUES (7, 6);
INSERT INTO Student_Subject (student_id, subject_id) VALUES (7, 13);
INSERT INTO Student_Subject (student_id, subject_id) VALUES (7, 3);
INSERT INTO Student_Subject (student_id, subject_id) VALUES (7, 11);
INSERT INTO Student_Subject (student_id, subject_id) VALUES (8, 10);
INSERT INTO Student_Subject (student_id, subject_id) VALUES (8, 4);
INSERT INTO Student_Subject (student_id, subject_id) VALUES (8, 3);
INSERT INTO Student_Subject (student_id, subject_id) VALUES (8, 15);
INSERT INTO Student_Subject (student_id, subject_id) VALUES (8, 12);
INSERT INTO Student_Subject (student_id, subject_id) VALUES (8, 13);
INSERT INTO Student_Subject (student_id, subject_id) VALUES (8, 11);
INSERT INTO Student_Subject (student_id, subject_id) VALUES (8, 7);
INSERT INTO Student_Subject (student_id, subject_id) VALUES (9, 9);
INSERT INTO Student_Subject (student_id, subject_id) VALUES (9, 15);
INSERT INTO Student_Subject (student_id, subject_id) VALUES (9, 3);
INSERT INTO Student_Subject (student_id, subject_id) VALUES (9, 17);
INSERT INTO Student_Subject (student_id, subject_id) VALUES (9, 13);
INSERT INTO Student_Subject (student_id, subject_id) VALUES (9, 7);
INSERT INTO Student_Subject (student_id, subject_id) VALUES (9, 5);
INSERT INTO Student_Subject (student_id, subject_id) VALUES (9, 6);
INSERT INTO Student_Subject (student_id, subject_id) VALUES (9, 10);
INSERT INTO Student_Subject (student_id, subject_id) VALUES (10, 9);
INSERT INTO Student_Subject (student_id, subject_id) VALUES (10, 1);
INSERT INTO Student_Subject (student_id, subject_id) VALUES (10, 19);
INSERT INTO Student_Subject (student_id, subject_id) VALUES (10, 11);
INSERT INTO Student_Subject (student_id, subject_id) VALUES (10, 7);
INSERT INTO Student_Subject (student_id, subject_id) VALUES (10, 17);
INSERT INTO Student_Subject (student_id, subject_id) VALUES (10, 12);
INSERT INTO Student_Subject (student_id, subject_id) VALUES (10, 3);
INSERT INTO Student_Subject (student_id, subject_id) VALUES (10, 10);
INSERT INTO Student_Subject (student_id, subject_id) VALUES (11, 8);
INSERT INTO Student_Subject (student_id, subject_id) VALUES (11, 19);
INSERT INTO Student_Subject (student_id, subject_id) VALUES (11, 5);
INSERT INTO Student_Subject (student_id, subject_id) VALUES (11, 1);
INSERT INTO Student_Subject (student_id, subject_id) VALUES (11, 2);
INSERT INTO Student_Subject (student_id, subject_id) VALUES (11, 16);
INSERT INTO Student_Subject (student_id, subject_id) VALUES (11, 13);
INSERT INTO Student_Subject (student_id, subject_id) VALUES (11, 4);
INSERT INTO Student_Subject (student_id, subject_id) VALUES (11, 10);
INSERT INTO Student_Subject (student_id, subject_id) VALUES (11, 12);
INSERT INTO Student_Subject (student_id, subject_id) VALUES (12, 9);
INSERT INTO Student_Subject (student_id, subject_id) VALUES (12, 14);
INSERT INTO Student_Subject (student_id, subject_id) VALUES (12, 8);
INSERT INTO Student_Subject (student_id, subject_id) VALUES (12, 18);
INSERT INTO Student_Subject (student_id, subject_id) VALUES (12, 5);
INSERT INTO Student_Subject (student_id, subject_id) VALUES (12, 19);
INSERT INTO Student_Subject (student_id, subject_id) VALUES (12, 4);
INSERT INTO Student_Subject (student_id, subject_id) VALUES (12, 12);
INSERT INTO Student_Subject (student_id, subject_id) VALUES (13, 3);
INSERT INTO Student_Subject (student_id, subject_id) VALUES (13, 9);
INSERT INTO Student_Subject (student_id, subject_id) VALUES (13, 14);
INSERT INTO Student_Subject (student_id, subject_id) VALUES (13, 6);
INSERT INTO Student_Subject (student_id, subject_id) VALUES (13, 13);
INSERT INTO Student_Subject (student_id, subject_id) VALUES (13, 7);
INSERT INTO Student_Subject (student_id, subject_id) VALUES (13, 5);
INSERT INTO Student_Subject (student_id, subject_id) VALUES (13, 11);
INSERT INTO Student_Subject (student_id, subject_id) VALUES (14, 2);
INSERT INTO Student_Subject (student_id, subject_id) VALUES (14, 3);
INSERT INTO Student_Subject (student_id, subject_id) VALUES (14, 8);
INSERT INTO Student_Subject (student_id, subject_id) VALUES (14, 16);
INSERT INTO Student_Subject (student_id, subject_id) VALUES (14, 19);
INSERT INTO Student_Subject (student_id, subject_id) VALUES (14, 10);
INSERT INTO Student_Subject (student_id, subject_id) VALUES (14, 5);
INSERT INTO Student_Subject (student_id, subject_id) VALUES (14, 4);
INSERT INTO Student_Subject (student_id, subject_id) VALUES (14, 17);
INSERT INTO Student_Subject (student_id, subject_id) VALUES (15, 3);
INSERT INTO Student_Subject (student_id, subject_id) VALUES (15, 6);
INSERT INTO Student_Subject (student_id, subject_id) VALUES (15, 4);
INSERT INTO Student_Subject (student_id, subject_id) VALUES (15, 17);
INSERT INTO Student_Subject (student_id, subject_id) VALUES (15, 15);
INSERT INTO Student_Subject (student_id, subject_id) VALUES (15, 16);
INSERT INTO Student_Subject (student_id, subject_id) VALUES (15, 18);
INSERT INTO Student_Subject (student_id, subject_id) VALUES (15, 7);
INSERT INTO Student_Subject (student_id, subject_id) VALUES (16, 8);
INSERT INTO Student_Subject (student_id, subject_id) VALUES (16, 9);
INSERT INTO Student_Subject (student_id, subject_id) VALUES (16, 19);
INSERT INTO Student_Subject (student_id, subject_id) VALUES (16, 16);
INSERT INTO Student_Subject (student_id, subject_id) VALUES (16, 11);
INSERT INTO Student_Subject (student_id, subject_id) VALUES (16, 15);
INSERT INTO Student_Subject (student_id, subject_id) VALUES (16, 5);
INSERT INTO Student_Subject (student_id, subject_id) VALUES (16, 3);
INSERT INTO Student_Subject (student_id, subject_id) VALUES (17, 13);
INSERT INTO Student_Subject (student_id, subject_id) VALUES (17, 15);
INSERT INTO Student_Subject (student_id, subject_id) VALUES (17, 19);
INSERT INTO Student_Subject (student_id, subject_id) VALUES (17, 7);
INSERT INTO Student_Subject (student_id, subject_id) VALUES (17, 16);
INSERT INTO Student_Subject (student_id, subject_id) VALUES (17, 18);
INSERT INTO Student_Subject (student_id, subject_id) VALUES (17, 4);
INSERT INTO Student_Subject (student_id, subject_id) VALUES (17, 11);
INSERT INTO Student_Subject (student_id, subject_id) VALUES (18, 14);
INSERT INTO Student_Subject (student_id, subject_id) VALUES (18, 8);
INSERT INTO Student_Subject (student_id, subject_id) VALUES (18, 17);
INSERT INTO Student_Subject (student_id, subject_id) VALUES (18, 6);
INSERT INTO Student_Subject (student_id, subject_id) VALUES (18, 19);
INSERT INTO Student_Subject (student_id, subject_id) VALUES (18, 16);
INSERT INTO Student_Subject (student_id, subject_id) VALUES (18, 11);
INSERT INTO Student_Subject (student_id, subject_id) VALUES (18, 13);
INSERT INTO Student_Subject (student_id, subject_id) VALUES (18, 1);
INSERT INTO Student_Subject (student_id, subject_id) VALUES (19, 15);
INSERT INTO Student_Subject (student_id, subject_id) VALUES (19, 19);
INSERT INTO Student_Subject (student_id, subject_id) VALUES (19, 2);
INSERT INTO Student_Subject (student_id, subject_id) VALUES (19, 17);
INSERT INTO Student_Subject (student_id, subject_id) VALUES (19, 12);
INSERT INTO Student_Subject (student_id, subject_id) VALUES (19, 10);
INSERT INTO Student_Subject (student_id, subject_id) VALUES (19, 8);
INSERT INTO Student_Subject (student_id, subject_id) VALUES (19, 18);
INSERT INTO Student_Subject (student_id, subject_id) VALUES (19, 1);
INSERT INTO Student_Subject (student_id, subject_id) VALUES (20, 4);
INSERT INTO Student_Subject (student_id, subject_id) VALUES (20, 19);
INSERT INTO Student_Subject (student_id, subject_id) VALUES (20, 15);
INSERT INTO Student_Subject (student_id, subject_id) VALUES (20, 17);
INSERT INTO Student_Subject (student_id, subject_id) VALUES (20, 5);
INSERT INTO Student_Subject (student_id, subject_id) VALUES (20, 9);
INSERT INTO Student_Subject (student_id, subject_id) VALUES (20, 7);
INSERT INTO Student_Subject (student_id, subject_id) VALUES (20, 14);
INSERT INTO Student_Subject (student_id, subject_id) VALUES (21, 4);
INSERT INTO Student_Subject (student_id, subject_id) VALUES (21, 19);
INSERT INTO Student_Subject (student_id, subject_id) VALUES (21, 16);
INSERT INTO Student_Subject (student_id, subject_id) VALUES (21, 13);
INSERT INTO Student_Subject (student_id, subject_id) VALUES (21, 14);
INSERT INTO Student_Subject (student_id, subject_id) VALUES (21, 12);
INSERT INTO Student_Subject (student_id, subject_id) VALUES (21, 9);
INSERT INTO Student_Subject (student_id, subject_id) VALUES (21, 8);
INSERT INTO Student_Subject (student_id, subject_id) VALUES (22, 9);
INSERT INTO Student_Subject (student_id, subject_id) VALUES (22, 4);
INSERT INTO Student_Subject (student_id, subject_id) VALUES (22, 10);
INSERT INTO Student_Subject (student_id, subject_id) VALUES (22, 12);
INSERT INTO Student_Subject (student_id, subject_id) VALUES (22, 16);
INSERT INTO Student_Subject (student_id, subject_id) VALUES (22, 7);
INSERT INTO Student_Subject (student_id, subject_id) VALUES (22, 19);
INSERT INTO Student_Subject (student_id, subject_id) VALUES (22, 17);
INSERT INTO Student_Subject (student_id, subject_id) VALUES (23, 2);
INSERT INTO Student_Subject (student_id, subject_id) VALUES (23, 18);
INSERT INTO Student_Subject (student_id, subject_id) VALUES (23, 3);
INSERT INTO Student_Subject (student_id, subject_id) VALUES (23, 6);
INSERT INTO Student_Subject (student_id, subject_id) VALUES (23, 14);
INSERT INTO Student_Subject (student_id, subject_id) VALUES (23, 11);
INSERT INTO Student_Subject (student_id, subject_id) VALUES (23, 4);
INSERT INTO Student_Subject (student_id, subject_id) VALUES (23, 16);
INSERT INTO Student_Subject (student_id, subject_id) VALUES (23, 19);
INSERT INTO Student_Subject (student_id, subject_id) VALUES (24, 16);
INSERT INTO Student_Subject (student_id, subject_id) VALUES (24, 14);
INSERT INTO Student_Subject (student_id, subject_id) VALUES (24, 18);
INSERT INTO Student_Subject (student_id, subject_id) VALUES (24, 12);
INSERT INTO Student_Subject (student_id, subject_id) VALUES (24, 19);
INSERT INTO Student_Subject (student_id, subject_id) VALUES (24, 15);
INSERT INTO Student_Subject (student_id, subject_id) VALUES (24, 11);
INSERT INTO Student_Subject (student_id, subject_id) VALUES (24, 5);
INSERT INTO Student_Subject (student_id, subject_id) VALUES (24, 13);
INSERT INTO Student_Subject (student_id, subject_id) VALUES (24, 2);
INSERT INTO Student_Subject (student_id, subject_id) VALUES (25, 14);
INSERT INTO Student_Subject (student_id, subject_id) VALUES (25, 9);
INSERT INTO Student_Subject (student_id, subject_id) VALUES (25, 8);
INSERT INTO Student_Subject (student_id, subject_id) VALUES (25, 13);
INSERT INTO Student_Subject (student_id, subject_id) VALUES (25, 15);
INSERT INTO Student_Subject (student_id, subject_id) VALUES (25, 1);
INSERT INTO Student_Subject (student_id, subject_id) VALUES (25, 7);
INSERT INTO Student_Subject (student_id, subject_id) VALUES (25, 6);
INSERT INTO Student_Subject (student_id, subject_id) VALUES (26, 11);
INSERT INTO Student_Subject (student_id, subject_id) VALUES (26, 9);
INSERT INTO Student_Subject (student_id, subject_id) VALUES (26, 19);
INSERT INTO Student_Subject (student_id, subject_id) VALUES (26, 15);
INSERT INTO Student_Subject (student_id, subject_id) VALUES (26, 18);
INSERT INTO Student_Subject (student_id, subject_id) VALUES (26, 16);
INSERT INTO Student_Subject (student_id, subject_id) VALUES (26, 12);
INSERT INTO Student_Subject (student_id, subject_id) VALUES (26, 5);
INSERT INTO Student_Subject (student_id, subject_id) VALUES (27, 10);
INSERT INTO Student_Subject (student_id, subject_id) VALUES (27, 19);
INSERT INTO Student_Subject (student_id, subject_id) VALUES (27, 13);
INSERT INTO Student_Subject (student_id, subject_id) VALUES (27, 14);
INSERT INTO Student_Subject (student_id, subject_id) VALUES (27, 4);
INSERT INTO Student_Subject (student_id, subject_id) VALUES (27, 7);
INSERT INTO Student_Subject (student_id, subject_id) VALUES (27, 1);
INSERT INTO Student_Subject (student_id, subject_id) VALUES (27, 12);
INSERT INTO Student_Subject (student_id, subject_id) VALUES (27, 11);
INSERT INTO Student_Subject (student_id, subject_id) VALUES (28, 4);
INSERT INTO Student_Subject (student_id, subject_id) VALUES (28, 12);
INSERT INTO Student_Subject (student_id, subject_id) VALUES (28, 18);
INSERT INTO Student_Subject (student_id, subject_id) VALUES (28, 9);
INSERT INTO Student_Subject (student_id, subject_id) VALUES (28, 2);
INSERT INTO Student_Subject (student_id, subject_id) VALUES (28, 13);
INSERT INTO Student_Subject (student_id, subject_id) VALUES (28, 19);
INSERT INTO Student_Subject (student_id, subject_id) VALUES (28, 6);
INSERT INTO Student_Subject (student_id, subject_id) VALUES (29, 17);
INSERT INTO Student_Subject (student_id, subject_id) VALUES (29, 13);
INSERT INTO Student_Subject (student_id, subject_id) VALUES (29, 8);
INSERT INTO Student_Subject (student_id, subject_id) VALUES (29, 11);
INSERT INTO Student_Subject (student_id, subject_id) VALUES (29, 9);
INSERT INTO Student_Subject (student_id, subject_id) VALUES (29, 2);
INSERT INTO Student_Subject (student_id, subject_id) VALUES (29, 15);
INSERT INTO Student_Subject (student_id, subject_id) VALUES (29, 10);
INSERT INTO Student_Subject (student_id, subject_id) VALUES (29, 12);
INSERT INTO Student_Subject (student_id, subject_id) VALUES (30, 17);
INSERT INTO Student_Subject (student_id, subject_id) VALUES (30, 9);
INSERT INTO Student_Subject (student_id, subject_id) VALUES (30, 19);
INSERT INTO Student_Subject (student_id, subject_id) VALUES (30, 4);
INSERT INTO Student_Subject (student_id, subject_id) VALUES (30, 1);
INSERT INTO Student_Subject (student_id, subject_id) VALUES (30, 16);
INSERT INTO Student_Subject (student_id, subject_id) VALUES (30, 6);
INSERT INTO Student_Subject (student_id, subject_id) VALUES (30, 11);
INSERT INTO Student_Subject (student_id, subject_id) VALUES (30, 15);
INSERT INTO Student_Subject (student_id, subject_id) VALUES (31, 10);
INSERT INTO Student_Subject (student_id, subject_id) VALUES (31, 19);
INSERT INTO Student_Subject (student_id, subject_id) VALUES (31, 3);
INSERT INTO Student_Subject (student_id, subject_id) VALUES (31, 7);
INSERT INTO Student_Subject (student_id, subject_id) VALUES (31, 18);
INSERT INTO Student_Subject (student_id, subject_id) VALUES (31, 4);
INSERT INTO Student_Subject (student_id, subject_id) VALUES (31, 17);
INSERT INTO Student_Subject (student_id, subject_id) VALUES (31, 14);
INSERT INTO Student_Subject (student_id, subject_id) VALUES (32, 13);
INSERT INTO Student_Subject (student_id, subject_id) VALUES (32, 8);
INSERT INTO Student_Subject (student_id, subject_id) VALUES (32, 12);
INSERT INTO Student_Subject (student_id, subject_id) VALUES (32, 11);
INSERT INTO Student_Subject (student_id, subject_id) VALUES (32, 7);
INSERT INTO Student_Subject (student_id, subject_id) VALUES (32, 17);
INSERT INTO Student_Subject (student_id, subject_id) VALUES (32, 4);
INSERT INTO Student_Subject (student_id, subject_id) VALUES (32, 18);
INSERT INTO Student_Subject (student_id, subject_id) VALUES (32, 5);
INSERT INTO Student_Subject (student_id, subject_id) VALUES (33, 18);
INSERT INTO Student_Subject (student_id, subject_id) VALUES (33, 10);
INSERT INTO Student_Subject (student_id, subject_id) VALUES (33, 5);
INSERT INTO Student_Subject (student_id, subject_id) VALUES (33, 16);
INSERT INTO Student_Subject (student_id, subject_id) VALUES (33, 7);
INSERT INTO Student_Subject (student_id, subject_id) VALUES (33, 17);
INSERT INTO Student_Subject (student_id, subject_id) VALUES (33, 15);
INSERT INTO Student_Subject (student_id, subject_id) VALUES (33, 14);
INSERT INTO Student_Subject (student_id, subject_id) VALUES (33, 8);
INSERT INTO Student_Subject (student_id, subject_id) VALUES (33, 1);
INSERT INTO Student_Subject (student_id, subject_id) VALUES (34, 15);
INSERT INTO Student_Subject (student_id, subject_id) VALUES (34, 8);
INSERT INTO Student_Subject (student_id, subject_id) VALUES (34, 12);
INSERT INTO Student_Subject (student_id, subject_id) VALUES (34, 9);
INSERT INTO Student_Subject (student_id, subject_id) VALUES (34, 3);
INSERT INTO Student_Subject (student_id, subject_id) VALUES (34, 19);
INSERT INTO Student_Subject (student_id, subject_id) VALUES (34, 2);
INSERT INTO Student_Subject (student_id, subject_id) VALUES (34, 14);
INSERT INTO Student_Subject (student_id, subject_id) VALUES (34, 16);
INSERT INTO Student_Subject (student_id, subject_id) VALUES (35, 6);
INSERT INTO Student_Subject (student_id, subject_id) VALUES (35, 1);
INSERT INTO Student_Subject (student_id, subject_id) VALUES (35, 11);
INSERT INTO Student_Subject (student_id, subject_id) VALUES (35, 16);
INSERT INTO Student_Subject (student_id, subject_id) VALUES (35, 4);
INSERT INTO Student_Subject (student_id, subject_id) VALUES (35, 17);
INSERT INTO Student_Subject (student_id, subject_id) VALUES (35, 2);
INSERT INTO Student_Subject (student_id, subject_id) VALUES (35, 7);
INSERT INTO Student_Subject (student_id, subject_id) VALUES (35, 5);
INSERT INTO Student_Subject (student_id, subject_id) VALUES (35, 3);
INSERT INTO Student_Subject (student_id, subject_id) VALUES (36, 16);
INSERT INTO Student_Subject (student_id, subject_id) VALUES (36, 15);
INSERT INTO Student_Subject (student_id, subject_id) VALUES (36, 8);
INSERT INTO Student_Subject (student_id, subject_id) VALUES (36, 13);
INSERT INTO Student_Subject (student_id, subject_id) VALUES (36, 1);
INSERT INTO Student_Subject (student_id, subject_id) VALUES (36, 4);
INSERT INTO Student_Subject (student_id, subject_id) VALUES (36, 11);
INSERT INTO Student_Subject (student_id, subject_id) VALUES (36, 12);
INSERT INTO Student_Subject (student_id, subject_id) VALUES (37, 6);
INSERT INTO Student_Subject (student_id, subject_id) VALUES (37, 18);
INSERT INTO Student_Subject (student_id, subject_id) VALUES (37, 16);
INSERT INTO Student_Subject (student_id, subject_id) VALUES (37, 14);
INSERT INTO Student_Subject (student_id, subject_id) VALUES (37, 3);
INSERT INTO Student_Subject (student_id, subject_id) VALUES (37, 7);
INSERT INTO Student_Subject (student_id, subject_id) VALUES (37, 15);
INSERT INTO Student_Subject (student_id, subject_id) VALUES (37, 8);
INSERT INTO Student_Subject (student_id, subject_id) VALUES (37, 9);
INSERT INTO Student_Subject (student_id, subject_id) VALUES (38, 13);
INSERT INTO Student_Subject (student_id, subject_id) VALUES (38, 11);
INSERT INTO Student_Subject (student_id, subject_id) VALUES (38, 6);
INSERT INTO Student_Subject (student_id, subject_id) VALUES (38, 9);
INSERT INTO Student_Subject (student_id, subject_id) VALUES (38, 14);
INSERT INTO Student_Subject (student_id, subject_id) VALUES (38, 16);
INSERT INTO Student_Subject (student_id, subject_id) VALUES (38, 15);
INSERT INTO Student_Subject (student_id, subject_id) VALUES (38, 5);
INSERT INTO Student_Subject (student_id, subject_id) VALUES (38, 4);
INSERT INTO Student_Subject (student_id, subject_id) VALUES (39, 10);
INSERT INTO Student_Subject (student_id, subject_id) VALUES (39, 5);
INSERT INTO Student_Subject (student_id, subject_id) VALUES (39, 15);
INSERT INTO Student_Subject (student_id, subject_id) VALUES (39, 13);
INSERT INTO Student_Subject (student_id, subject_id) VALUES (39, 7);
INSERT INTO Student_Subject (student_id, subject_id) VALUES (39, 9);
INSERT INTO Student_Subject (student_id, subject_id) VALUES (39, 6);
INSERT INTO Student_Subject (student_id, subject_id) VALUES (39, 12);
INSERT INTO Student_Subject (student_id, subject_id) VALUES (39, 3);
INSERT INTO Student_Subject (student_id, subject_id) VALUES (40, 18);
INSERT INTO Student_Subject (student_id, subject_id) VALUES (40, 15);
INSERT INTO Student_Subject (student_id, subject_id) VALUES (40, 16);
INSERT INTO Student_Subject (student_id, subject_id) VALUES (40, 11);
INSERT INTO Student_Subject (student_id, subject_id) VALUES (40, 9);
INSERT INTO Student_Subject (student_id, subject_id) VALUES (40, 5);
INSERT INTO Student_Subject (student_id, subject_id) VALUES (40, 14);
INSERT INTO Student_Subject (student_id, subject_id) VALUES (40, 12);
INSERT INTO Student_Subject (student_id, subject_id) VALUES (1, 8);
INSERT INTO Student_Subject (student_id, subject_id) VALUES (1, 14);
INSERT INTO Student_Subject (student_id, subject_id) VALUES (1, 13);
INSERT INTO Student_Subject (student_id, subject_id) VALUES (1, 17);
INSERT INTO Student_Subject (student_id, subject_id) VALUES (1, 1);
INSERT INTO Student_Subject (student_id, subject_id) VALUES (1, 9);
INSERT INTO Student_Subject (student_id, subject_id) VALUES (1, 7);
INSERT INTO Student_Subject (student_id, subject_id) VALUES (1, 19);
INSERT INTO Student_Subject (student_id, subject_id) VALUES (1, 10);
INSERT INTO Student_Subject (student_id, subject_id) VALUES (2, 8);
INSERT INTO Student_Subject (student_id, subject_id) VALUES (2, 12);
INSERT INTO Student_Subject (student_id, subject_id) VALUES (2, 2);
INSERT INTO Student_Subject (student_id, subject_id) VALUES (2, 17);
INSERT INTO Student_Subject (student_id, subject_id) VALUES (2, 3);
INSERT INTO Student_Subject (student_id, subject_id) VALUES (2, 6);
INSERT INTO Student_Subject (student_id, subject_id) VALUES (2, 1);
INSERT INTO Student_Subject (student_id, subject_id) VALUES (2, 11);
INSERT INTO Student_Subject (student_id, subject_id) VALUES (2, 15);
INSERT INTO Student_Subject (student_id, subject_id) VALUES (2, 5);
INSERT INTO Student_Subject (student_id, subject_id) VALUES (3, 11);
INSERT INTO Student_Subject (student_id, subject_id) VALUES (3, 3);
INSERT INTO Student_Subject (student_id, subject_id) VALUES (3, 14);
INSERT INTO Student_Subject (student_id, subject_id) VALUES (3, 13);
INSERT INTO Student_Subject (student_id, subject_id) VALUES (3, 7);
INSERT INTO Student_Subject (student_id, subject_id) VALUES (3, 10);
INSERT INTO Student_Subject (student_id, subject_id) VALUES (3, 2);
INSERT INTO Student_Subject (student_id, subject_id) VALUES (3, 17);
INSERT INTO Student_Subject (student_id, subject_id) VALUES (3, 12);
INSERT INTO Student_Subject (student_id, subject_id) VALUES (4, 10);
INSERT INTO Student_Subject (student_id, subject_id) VALUES (4, 12);
INSERT INTO Student_Subject (student_id, subject_id) VALUES (4, 8);
INSERT INTO Student_Subject (student_id, subject_id) VALUES (4, 19);
INSERT INTO Student_Subject (student_id, subject_id) VALUES (4, 9);
INSERT INTO Student_Subject (student_id, subject_id) VALUES (4, 15);
INSERT INTO Student_Subject (student_id, subject_id) VALUES (4, 13);
INSERT INTO Student_Subject (student_id, subject_id) VALUES (4, 18);
INSERT INTO Student_Subject (student_id, subject_id) VALUES (4, 5);
INSERT INTO Student_Subject (student_id, subject_id) VALUES (4, 7);
INSERT INTO Student_Subject (student_id, subject_id) VALUES (5, 5);
INSERT INTO Student_Subject (student_id, subject_id) VALUES (5, 19);
INSERT INTO Student_Subject (student_id, subject_id) VALUES (5, 9);
INSERT INTO Student_Subject (student_id, subject_id) VALUES (5, 3);
INSERT INTO Student_Subject (student_id, subject_id) VALUES (5, 4);
INSERT INTO Student_Subject (student_id, subject_id) VALUES (5, 18);
INSERT INTO Student_Subject (student_id, subject_id) VALUES (5, 14);
INSERT INTO Student_Subject (student_id, subject_id) VALUES (5, 13);
INSERT INTO Student_Subject (student_id, subject_id) VALUES (5, 1);
INSERT INTO Student_Subject (student_id, subject_id) VALUES (5, 15);
INSERT INTO Student_Subject (student_id, subject_id) VALUES (6, 10);
INSERT INTO Student_Subject (student_id, subject_id) VALUES (6, 13);
INSERT INTO Student_Subject (student_id, subject_id) VALUES (6, 8);
INSERT INTO Student_Subject (student_id, subject_id) VALUES (6, 3);
INSERT INTO Student_Subject (student_id, subject_id) VALUES (6, 14);
INSERT INTO Student_Subject (student_id, subject_id) VALUES (6, 11);
INSERT INTO Student_Subject (student_id, subject_id) VALUES (6, 2);
INSERT INTO Student_Subject (student_id, subject_id) VALUES (6, 12);
INSERT INTO Student_Subject (student_id, subject_id) VALUES (7, 17);
INSERT INTO Student_Subject (student_id, subject_id) VALUES (7, 4);
INSERT INTO Student_Subject (student_id, subject_id) VALUES (7, 10);
INSERT INTO Student_Subject (student_id, subject_id) VALUES (7, 2);
INSERT INTO Student_Subject (student_id, subject_id) VALUES (7, 12);
INSERT INTO Student_Subject (student_id, subject_id) VALUES (7, 19);
INSERT INTO Student_Subject (student_id, subject_id) VALUES (7, 6);
INSERT INTO Student_Subject (student_id, subject_id) VALUES (7, 13);
INSERT INTO Student_Subject (student_id, subject_id) VALUES (7, 3);
INSERT INTO Student_Subject (student_id, subject_id) VALUES (7, 11);
INSERT INTO Student_Subject (student_id, subject_id) VALUES (8, 10);
INSERT INTO Student_Subject (student_id, subject_id) VALUES (8, 4);
INSERT INTO Student_Subject (student_id, subject_id) VALUES (8, 3);
INSERT INTO Student_Subject (student_id, subject_id) VALUES (8, 15);
INSERT INTO Student_Subject (student_id, subject_id) VALUES (8, 12);
INSERT INTO Student_Subject (student_id, subject_id) VALUES (8, 13);
INSERT INTO Student_Subject (student_id, subject_id) VALUES (8, 11);
INSERT INTO Student_Subject (student_id, subject_id) VALUES (8, 7);
INSERT INTO Student_Subject (student_id, subject_id) VALUES (9, 9);
INSERT INTO Student_Subject (student_id, subject_id) VALUES (9, 15);
INSERT INTO Student_Subject (student_id, subject_id) VALUES (9, 3);
INSERT INTO Student_Subject (student_id, subject_id) VALUES (9, 17);
INSERT INTO Student_Subject (student_id, subject_id) VALUES (9, 13);
INSERT INTO Student_Subject (student_id, subject_id) VALUES (9, 7);
INSERT INTO Student_Subject (student_id, subject_id) VALUES (9, 5);
INSERT INTO Student_Subject (student_id, subject_id) VALUES (9, 6);
INSERT INTO Student_Subject (student_id, subject_id) VALUES (9, 10);
INSERT INTO Student_Subject (student_id, subject_id) VALUES (10, 9);
INSERT INTO Student_Subject (student_id, subject_id) VALUES (10, 1);
INSERT INTO Student_Subject (student_id, subject_id) VALUES (10, 19);
INSERT INTO Student_Subject (student_id, subject_id) VALUES (10, 11);
INSERT INTO Student_Subject (student_id, subject_id) VALUES (10, 7);
INSERT INTO Student_Subject (student_id, subject_id) VALUES (10, 17);
INSERT INTO Student_Subject (student_id, subject_id) VALUES (10, 12);
INSERT INTO Student_Subject (student_id, subject_id) VALUES (10, 3);
INSERT INTO Student_Subject (student_id, subject_id) VALUES (10, 10);
INSERT INTO Student_Subject (student_id, subject_id) VALUES (11, 8);
INSERT INTO Student_Subject (student_id, subject_id) VALUES (11, 19);
INSERT INTO Student_Subject (student_id, subject_id) VALUES (11, 5);
INSERT INTO Student_Subject (student_id, subject_id) VALUES (11, 1);
INSERT INTO Student_Subject (student_id, subject_id) VALUES (11, 2);
INSERT INTO Student_Subject (student_id, subject_id) VALUES (11, 16);
INSERT INTO Student_Subject (student_id, subject_id) VALUES (11, 13);
INSERT INTO Student_Subject (student_id, subject_id) VALUES (11, 4);
INSERT INTO Student_Subject (student_id, subject_id) VALUES (11, 10);
INSERT INTO Student_Subject (student_id, subject_id) VALUES (11, 12);
INSERT INTO Student_Subject (student_id, subject_id) VALUES (12, 9);
INSERT INTO Student_Subject (student_id, subject_id) VALUES (12, 14);
INSERT INTO Student_Subject (student_id, subject_id) VALUES (12, 8);
INSERT INTO Student_Subject (student_id, subject_id) VALUES (12, 18);
INSERT INTO Student_Subject (student_id, subject_id) VALUES (12, 5);
INSERT INTO Student_Subject (student_id, subject_id) VALUES (12, 19);
INSERT INTO Student_Subject (student_id, subject_id) VALUES (12, 4);
INSERT INTO Student_Subject (student_id, subject_id) VALUES (12, 12);
INSERT INTO Student_Subject (student_id, subject_id) VALUES (13, 3);
INSERT INTO Student_Subject (student_id, subject_id) VALUES (13, 9);
INSERT INTO Student_Subject (student_id, subject_id) VALUES (13, 14);
INSERT INTO Student_Subject (student_id, subject_id) VALUES (13, 6);
INSERT INTO Student_Subject (student_id, subject_id) VALUES (13, 13);
INSERT INTO Student_Subject (student_id, subject_id) VALUES (13, 7);
INSERT INTO Student_Subject (student_id, subject_id) VALUES (13, 5);
INSERT INTO Student_Subject (student_id, subject_id) VALUES (13, 11);
INSERT INTO Student_Subject (student_id, subject_id) VALUES (14, 2);
INSERT INTO Student_Subject (student_id, subject_id) VALUES (14, 3);
INSERT INTO Student_Subject (student_id, subject_id) VALUES (14, 8);
INSERT INTO Student_Subject (student_id, subject_id) VALUES (14, 16);
INSERT INTO Student_Subject (student_id, subject_id) VALUES (14, 19);
INSERT INTO Student_Subject (student_id, subject_id) VALUES (14, 10);
INSERT INTO Student_Subject (student_id, subject_id) VALUES (14, 5);
INSERT INTO Student_Subject (student_id, subject_id) VALUES (14, 4);
INSERT INTO Student_Subject (student_id, subject_id) VALUES (14, 17);
INSERT INTO Student_Subject (student_id, subject_id) VALUES (15, 3);
INSERT INTO Student_Subject (student_id, subject_id) VALUES (15, 6);
INSERT INTO Student_Subject (student_id, subject_id) VALUES (15, 4);
INSERT INTO Student_Subject (student_id, subject_id) VALUES (15, 17);
INSERT INTO Student_Subject (student_id, subject_id) VALUES (15, 15);
INSERT INTO Student_Subject (student_id, subject_id) VALUES (15, 16);
INSERT INTO Student_Subject (student_id, subject_id) VALUES (15, 18);
INSERT INTO Student_Subject (student_id, subject_id) VALUES (15, 7);
INSERT INTO Student_Subject (student_id, subject_id) VALUES (16, 8);
INSERT INTO Student_Subject (student_id, subject_id) VALUES (16, 9);
INSERT INTO Student_Subject (student_id, subject_id) VALUES (16, 19);
INSERT INTO Student_Subject (student_id, subject_id) VALUES (16, 16);
INSERT INTO Student_Subject (student_id, subject_id) VALUES (16, 11);
INSERT INTO Student_Subject (student_id, subject_id) VALUES (16, 15);
INSERT INTO Student_Subject (student_id, subject_id) VALUES (16, 5);
INSERT INTO Student_Subject (student_id, subject_id) VALUES (16, 3);
INSERT INTO Student_Subject (student_id, subject_id) VALUES (17, 13);
INSERT INTO Student_Subject (student_id, subject_id) VALUES (17, 15);
INSERT INTO Student_Subject (student_id, subject_id) VALUES (17, 19);
INSERT INTO Student_Subject (student_id, subject_id) VALUES (17, 7);
INSERT INTO Student_Subject (student_id, subject_id) VALUES (17, 16);
INSERT INTO Student_Subject (student_id, subject_id) VALUES (17, 18);
INSERT INTO Student_Subject (student_id, subject_id) VALUES (17, 4);
INSERT INTO Student_Subject (student_id, subject_id) VALUES (17, 11);
INSERT INTO Student_Subject (student_id, subject_id) VALUES (18, 14);
INSERT INTO Student_Subject (student_id, subject_id) VALUES (18, 8);
INSERT INTO Student_Subject (student_id, subject_id) VALUES (18, 17);
INSERT INTO Student_Subject (student_id, subject_id) VALUES (18, 6);
INSERT INTO Student_Subject (student_id, subject_id) VALUES (18, 19);
INSERT INTO Student_Subject (student_id, subject_id) VALUES (18, 16);
INSERT INTO Student_Subject (student_id, subject_id) VALUES (18, 11);
INSERT INTO Student_Subject (student_id, subject_id) VALUES (18, 13);
INSERT INTO Student_Subject (student_id, subject_id) VALUES (18, 1);
INSERT INTO Student_Subject (student_id, subject_id) VALUES (19, 15);
INSERT INTO Student_Subject (student_id, subject_id) VALUES (19, 19);
INSERT INTO Student_Subject (student_id, subject_id) VALUES (19, 2);
INSERT INTO Student_Subject (student_id, subject_id) VALUES (19, 17);
INSERT INTO Student_Subject (student_id, subject_id) VALUES (19, 12);
INSERT INTO Student_Subject (student_id, subject_id) VALUES (19, 10);
INSERT INTO Student_Subject (student_id, subject_id) VALUES (19, 8);
INSERT INTO Student_Subject (student_id, subject_id) VALUES (19, 18);
INSERT INTO Student_Subject (student_id, subject_id) VALUES (19, 1);
INSERT INTO Student_Subject (student_id, subject_id) VALUES (20, 4);
INSERT INTO Student_Subject (student_id, subject_id) VALUES (20, 19);
INSERT INTO Student_Subject (student_id, subject_id) VALUES (20, 15);
INSERT INTO Student_Subject (student_id, subject_id) VALUES (20, 17);
INSERT INTO Student_Subject (student_id, subject_id) VALUES (20, 5);
INSERT INTO Student_Subject (student_id, subject_id) VALUES (20, 9);
INSERT INTO Student_Subject (student_id, subject_id) VALUES (20, 7);
INSERT INTO Student_Subject (student_id, subject_id) VALUES (20, 14);
INSERT INTO Student_Subject (student_id, subject_id) VALUES (21, 4);
INSERT INTO Student_Subject (student_id, subject_id) VALUES (21, 19);
INSERT INTO Student_Subject (student_id, subject_id) VALUES (21, 16);
INSERT INTO Student_Subject (student_id, subject_id) VALUES (21, 13);
INSERT INTO Student_Subject (student_id, subject_id) VALUES (21, 14);
INSERT INTO Student_Subject (student_id, subject_id) VALUES (21, 12);
INSERT INTO Student_Subject (student_id, subject_id) VALUES (21, 9);
INSERT INTO Student_Subject (student_id, subject_id) VALUES (21, 8);
INSERT INTO Student_Subject (student_id, subject_id) VALUES (22, 9);
INSERT INTO Student_Subject (student_id, subject_id) VALUES (22, 4);
INSERT INTO Student_Subject (student_id, subject_id) VALUES (22, 10);
INSERT INTO Student_Subject (student_id, subject_id) VALUES (22, 12);
INSERT INTO Student_Subject (student_id, subject_id) VALUES (22, 16);
INSERT INTO Student_Subject (student_id, subject_id) VALUES (22, 7);
INSERT INTO Student_Subject (student_id, subject_id) VALUES (22, 19);
INSERT INTO Student_Subject (student_id, subject_id) VALUES (22, 17);
INSERT INTO Student_Subject (student_id, subject_id) VALUES (23, 2);
INSERT INTO Student_Subject (student_id, subject_id) VALUES (23, 18);
INSERT INTO Student_Subject (student_id, subject_id) VALUES (23, 3);
INSERT INTO Student_Subject (student_id, subject_id) VALUES (23, 6);
INSERT INTO Student_Subject (student_id, subject_id) VALUES (23, 14);
INSERT INTO Student_Subject (student_id, subject_id) VALUES (23, 11);
INSERT INTO Student_Subject (student_id, subject_id) VALUES (23, 4);
INSERT INTO Student_Subject (student_id, subject_id) VALUES (23, 16);
INSERT INTO Student_Subject (student_id, subject_id) VALUES (23, 19);
INSERT INTO Student_Subject (student_id, subject_id) VALUES (24, 16);
INSERT INTO Student_Subject (student_id, subject_id) VALUES (24, 14);
INSERT INTO Student_Subject (student_id, subject_id) VALUES (24, 18);
INSERT INTO Student_Subject (student_id, subject_id) VALUES (24, 12);
INSERT INTO Student_Subject (student_id, subject_id) VALUES (24, 19);
INSERT INTO Student_Subject (student_id, subject_id) VALUES (24, 15);
INSERT INTO Student_Subject (student_id, subject_id) VALUES (24, 11);
INSERT INTO Student_Subject (student_id, subject_id) VALUES (24, 5);
INSERT INTO Student_Subject (student_id, subject_id) VALUES (24, 13);
INSERT INTO Student_Subject (student_id, subject_id) VALUES (24, 2);
INSERT INTO Student_Subject (student_id, subject_id) VALUES (25, 14);
INSERT INTO Student_Subject (student_id, subject_id) VALUES (25, 9);
INSERT INTO Student_Subject (student_id, subject_id) VALUES (25, 8);
INSERT INTO Student_Subject (student_id, subject_id) VALUES (25, 13);
INSERT INTO Student_Subject (student_id, subject_id) VALUES (25, 15);
INSERT INTO Student_Subject (student_id, subject_id) VALUES (25, 1);
INSERT INTO Student_Subject (student_id, subject_id) VALUES (25, 7);
INSERT INTO Student_Subject (student_id, subject_id) VALUES (25, 6);
INSERT INTO Student_Subject (student_id, subject_id) VALUES (26, 11);
INSERT INTO Student_Subject (student_id, subject_id) VALUES (26, 9);
INSERT INTO Student_Subject (student_id, subject_id) VALUES (26, 19);
INSERT INTO Student_Subject (student_id, subject_id) VALUES (26, 15);
INSERT INTO Student_Subject (student_id, subject_id) VALUES (26, 18);
INSERT INTO Student_Subject (student_id, subject_id) VALUES (26, 16);
INSERT INTO Student_Subject (student_id, subject_id) VALUES (26, 12);
INSERT INTO Student_Subject (student_id, subject_id) VALUES (26, 5);
INSERT INTO Student_Subject (student_id, subject_id) VALUES (27, 10);
INSERT INTO Student_Subject (student_id, subject_id) VALUES (27, 19);
INSERT INTO Student_Subject (student_id, subject_id) VALUES (27, 13);
INSERT INTO Student_Subject (student_id, subject_id) VALUES (27, 14);
INSERT INTO Student_Subject (student_id, subject_id) VALUES (27, 4);
INSERT INTO Student_Subject (student_id, subject_id) VALUES (27, 7);
INSERT INTO Student_Subject (student_id, subject_id) VALUES (27, 1);
INSERT INTO Student_Subject (student_id, subject_id) VALUES (27, 12);
INSERT INTO Student_Subject (student_id, subject_id) VALUES (27, 11);
INSERT INTO Student_Subject (student_id, subject_id) VALUES (28, 4);
INSERT INTO Student_Subject (student_id, subject_id) VALUES (28, 12);
INSERT INTO Student_Subject (student_id, subject_id) VALUES (28, 18);
INSERT INTO Student_Subject (student_id, subject_id) VALUES (28, 9);
INSERT INTO Student_Subject (student_id, subject_id) VALUES (28, 2);
INSERT INTO Student_Subject (student_id, subject_id) VALUES (28, 13);
INSERT INTO Student_Subject (student_id, subject_id) VALUES (28, 19);
INSERT INTO Student_Subject (student_id, subject_id) VALUES (28, 6);
INSERT INTO Student_Subject (student_id, subject_id) VALUES (29, 17);
INSERT INTO Student_Subject (student_id, subject_id) VALUES (29, 13);
INSERT INTO Student_Subject (student_id, subject_id) VALUES (29, 8);
INSERT INTO Student_Subject (student_id, subject_id) VALUES (29, 11);
INSERT INTO Student_Subject (student_id, subject_id) VALUES (29, 9);
INSERT INTO Student_Subject (student_id, subject_id) VALUES (29, 2);
INSERT INTO Student_Subject (student_id, subject_id) VALUES (29, 15);
INSERT INTO Student_Subject (student_id, subject_id) VALUES (29, 10);
INSERT INTO Student_Subject (student_id, subject_id) VALUES (29, 12);
INSERT INTO Student_Subject (student_id, subject_id) VALUES (30, 17);
INSERT INTO Student_Subject (student_id, subject_id) VALUES (30, 9);
INSERT INTO Student_Subject (student_id, subject_id) VALUES (30, 19);
INSERT INTO Student_Subject (student_id, subject_id) VALUES (30, 4);
INSERT INTO Student_Subject (student_id, subject_id) VALUES (30, 1);
INSERT INTO Student_Subject (student_id, subject_id) VALUES (30, 16);
INSERT INTO Student_Subject (student_id, subject_id) VALUES (30, 6);
INSERT INTO Student_Subject (student_id, subject_id) VALUES (30, 11);
INSERT INTO Student_Subject (student_id, subject_id) VALUES (30, 15);
INSERT INTO Student_Subject (student_id, subject_id) VALUES (31, 10);
INSERT INTO Student_Subject (student_id, subject_id) VALUES (31, 19);
INSERT INTO Student_Subject (student_id, subject_id) VALUES (31, 3);
INSERT INTO Student_Subject (student_id, subject_id) VALUES (31, 7);
INSERT INTO Student_Subject (student_id, subject_id) VALUES (31, 18);
INSERT INTO Student_Subject (student_id, subject_id) VALUES (31, 4);
INSERT INTO Student_Subject (student_id, subject_id) VALUES (31, 17);
INSERT INTO Student_Subject (student_id, subject_id) VALUES (31, 14);
INSERT INTO Student_Subject (student_id, subject_id) VALUES (32, 13);
INSERT INTO Student_Subject (student_id, subject_id) VALUES (32, 8);
INSERT INTO Student_Subject (student_id, subject_id) VALUES (32, 12);
INSERT INTO Student_Subject (student_id, subject_id) VALUES (32, 11);
INSERT INTO Student_Subject (student_id, subject_id) VALUES (32, 7);
INSERT INTO Student_Subject (student_id, subject_id) VALUES (32, 17);
INSERT INTO Student_Subject (student_id, subject_id) VALUES (32, 4);
INSERT INTO Student_Subject (student_id, subject_id) VALUES (32, 18);
INSERT INTO Student_Subject (student_id, subject_id) VALUES (32, 5);
INSERT INTO Student_Subject (student_id, subject_id) VALUES (33, 18);
INSERT INTO Student_Subject (student_id, subject_id) VALUES (33, 10);
INSERT INTO Student_Subject (student_id, subject_id) VALUES (33, 5);
INSERT INTO Student_Subject (student_id, subject_id) VALUES (33, 16);
INSERT INTO Student_Subject (student_id, subject_id) VALUES (33, 7);
INSERT INTO Student_Subject (student_id, subject_id) VALUES (33, 17);
INSERT INTO Student_Subject (student_id, subject_id) VALUES (33, 15);
INSERT INTO Student_Subject (student_id, subject_id) VALUES (33, 14);
INSERT INTO Student_Subject (student_id, subject_id) VALUES (33, 8);
INSERT INTO Student_Subject (student_id, subject_id) VALUES (33, 1);
INSERT INTO Student_Subject (student_id, subject_id) VALUES (34, 15);
INSERT INTO Student_Subject (student_id, subject_id) VALUES (34, 8);
INSERT INTO Student_Subject (student_id, subject_id) VALUES (34, 12);
INSERT INTO Student_Subject (student_id, subject_id) VALUES (34, 9);
INSERT INTO Student_Subject (student_id, subject_id) VALUES (34, 3);
INSERT INTO Student_Subject (student_id, subject_id) VALUES (34, 19);
INSERT INTO Student_Subject (student_id, subject_id) VALUES (34, 2);
INSERT INTO Student_Subject (student_id, subject_id) VALUES (34, 14);
INSERT INTO Student_Subject (student_id, subject_id) VALUES (34, 16);
INSERT INTO Student_Subject (student_id, subject_id) VALUES (35, 6);
INSERT INTO Student_Subject (student_id, subject_id) VALUES (35, 1);
INSERT INTO Student_Subject (student_id, subject_id) VALUES (35, 11);
INSERT INTO Student_Subject (student_id, subject_id) VALUES (35, 16);
INSERT INTO Student_Subject (student_id, subject_id) VALUES (35, 4);
INSERT INTO Student_Subject (student_id, subject_id) VALUES (35, 17);
INSERT INTO Student_Subject (student_id, subject_id) VALUES (35, 2);
INSERT INTO Student_Subject (student_id, subject_id) VALUES (35, 7);
INSERT INTO Student_Subject (student_id, subject_id) VALUES (35, 5);
INSERT INTO Student_Subject (student_id, subject_id) VALUES (35, 3);
INSERT INTO Student_Subject (student_id, subject_id) VALUES (36, 16);
INSERT INTO Student_Subject (student_id, subject_id) VALUES (36, 15);
INSERT INTO Student_Subject (student_id, subject_id) VALUES (36, 8);
INSERT INTO Student_Subject (student_id, subject_id) VALUES (36, 13);
INSERT INTO Student_Subject (student_id, subject_id) VALUES (36, 1);
INSERT INTO Student_Subject (student_id, subject_id) VALUES (36, 4);
INSERT INTO Student_Subject (student_id, subject_id) VALUES (36, 11);
INSERT INTO Student_Subject (student_id, subject_id) VALUES (36, 12);
INSERT INTO Student_Subject (student_id, subject_id) VALUES (37, 6);
INSERT INTO Student_Subject (student_id, subject_id) VALUES (37, 18);
INSERT INTO Student_Subject (student_id, subject_id) VALUES (37, 16);
INSERT INTO Student_Subject (student_id, subject_id) VALUES (37, 14);
INSERT INTO Student_Subject (student_id, subject_id) VALUES (37, 3);
INSERT INTO Student_Subject (student_id, subject_id) VALUES (37, 7);
INSERT INTO Student_Subject (student_id, subject_id) VALUES (37, 15);
INSERT INTO Student_Subject (student_id, subject_id) VALUES (37, 8);
INSERT INTO Student_Subject (student_id, subject_id) VALUES (37, 9);
INSERT INTO Student_Subject (student_id, subject_id) VALUES (38, 13);
INSERT INTO Student_Subject (student_id, subject_id) VALUES (38, 11);
INSERT INTO Student_Subject (student_id, subject_id) VALUES (38, 6);
INSERT INTO Student_Subject (student_id, subject_id) VALUES (38, 9);
INSERT INTO Student_Subject (student_id, subject_id) VALUES (38, 14);
INSERT INTO Student_Subject (student_id, subject_id) VALUES (38, 16);
INSERT INTO Student_Subject (student_id, subject_id) VALUES (38, 15);
INSERT INTO Student_Subject (student_id, subject_id) VALUES (38, 5);
INSERT INTO Student_Subject (student_id, subject_id) VALUES (38, 4);
INSERT INTO Student_Subject (student_id, subject_id) VALUES (39, 10);
INSERT INTO Student_Subject (student_id, subject_id) VALUES (39, 5);
INSERT INTO Student_Subject (student_id, subject_id) VALUES (39, 15);
INSERT INTO Student_Subject (student_id, subject_id) VALUES (39, 13);
INSERT INTO Student_Subject (student_id, subject_id) VALUES (39, 7);
INSERT INTO Student_Subject (student_id, subject_id) VALUES (39, 9);
INSERT INTO Student_Subject (student_id, subject_id) VALUES (39, 6);
INSERT INTO Student_Subject (student_id, subject_id) VALUES (39, 12);
INSERT INTO Student_Subject (student_id, subject_id) VALUES (39, 3);
INSERT INTO Student_Subject (student_id, subject_id) VALUES (40, 18);
INSERT INTO Student_Subject (student_id, subject_id) VALUES (40, 15);
INSERT INTO Student_Subject (student_id, subject_id) VALUES (40, 16);
INSERT INTO Student_Subject (student_id, subject_id) VALUES (40, 11);
INSERT INTO Student_Subject (student_id, subject_id) VALUES (40, 9);
INSERT INTO Student_Subject (student_id, subject_id) VALUES (40, 5);
INSERT INTO Student_Subject (student_id, subject_id) VALUES (40, 14);
INSERT INTO Student_Subject (student_id, subject_id) VALUES (40, 12);
