-- Parent table
INSERT INTO Parent (parent_id, first_name, last_name, email) VALUES (1, 'Zdeněk', 'Veselý', 'zdeněk.veselý22@gmail.com');
INSERT INTO Parent (parent_id, first_name, last_name, email) VALUES (2, 'Adam', 'Kolář', 'adam.kolář23@gmail.com');
INSERT INTO Parent (parent_id, first_name, last_name, email) VALUES (3, 'Stanislav', 'Sedláček', 'stanislav.sedláček24@centrum.cz');
INSERT INTO Parent (parent_id, first_name, last_name, email) VALUES (4, 'Martin', 'Procházka', 'martin.procházka25@centrum.cz');
INSERT INTO Parent (parent_id, first_name, last_name, email) VALUES (5, 'Richard', 'Horák', 'richard.horák26@gmail.com');
INSERT INTO Parent (parent_id, first_name, last_name, email) VALUES (6, 'Aleš', 'Beneš', 'aleš.beneš27@seznam.cz');
INSERT INTO Parent (parent_id, first_name, last_name, email) VALUES (7, 'Karel', 'Kříž', 'karel.kříž28@centrum.cz');
INSERT INTO Parent (parent_id, first_name, last_name, email) VALUES (8, 'Filip', 'Beneš', 'filip.beneš29@seznam.cz');
INSERT INTO Parent (parent_id, first_name, last_name, email) VALUES (9, 'Ondřej', 'Hájek', 'ondřej.hájek30@gmail.com');
INSERT INTO Parent (parent_id, first_name, last_name, email) VALUES (10, 'Jiří', 'Urban', 'jiří.urban31@centrum.cz');
INSERT INTO Parent (parent_id, first_name, last_name, email) VALUES (11, 'Štěpán', 'Jelínek', 'štěpán.jelínek32@centrum.cz');
INSERT INTO Parent (parent_id, first_name, last_name, email) VALUES (12, 'Ondřej', 'Zeman', 'ondřej.zeman33@seznam.cz');
INSERT INTO Parent (parent_id, first_name, last_name, email) VALUES (13, 'Tomáš', 'Doležal', 'tomáš.doležal34@gmail.com');
INSERT INTO Parent (parent_id, first_name, last_name, email) VALUES (14, 'Dominik', 'Král', 'dominik.král35@gmail.com');
INSERT INTO Parent (parent_id, first_name, last_name, email) VALUES (15, 'Adam', 'Němec', 'adam.němec36@centrum.cz');
INSERT INTO Parent (parent_id, first_name, last_name, email) VALUES (16, 'Jakub', 'Marek', 'jakub.marek37@centrum.cz');
INSERT INTO Parent (parent_id, first_name, last_name, email) VALUES (17, 'Petr', 'Kolář', 'petr.kolář38@gmail.com');
INSERT INTO Parent (parent_id, first_name, last_name, email) VALUES (18, 'Miroslav', 'Horák', 'miroslav.horák39@seznam.cz');
INSERT INTO Parent (parent_id, first_name, last_name, email) VALUES (19, 'Tomáš', 'Němec', 'tomáš.němec40@centrum.cz');
INSERT INTO Parent (parent_id, first_name, last_name, email) VALUES (20, 'Zdeněk', 'Fiala', 'zdeněk.fiala41@seznam.cz');
INSERT INTO Parent (parent_id, first_name, last_name, email) VALUES (21, 'Marek', 'Bartoš', 'marek.bartoš42@seznam.cz');
INSERT INTO Parent (parent_id, first_name, last_name, email) VALUES (22, 'Daniel', 'Urban', 'daniel.urban43@seznam.cz');
INSERT INTO Parent (parent_id, first_name, last_name, email) VALUES (23, 'Tomáš', 'Hájek', 'tomáš.hájek44@centrum.cz');
INSERT INTO Parent (parent_id, first_name, last_name, email) VALUES (24, 'Michal', 'Procházka', 'michal.procházka45@centrum.cz');
COMMIT;
INSERT INTO Parent (parent_id, first_name, last_name, email) VALUES (25, 'Štěpán', 'Svoboda', 'štěpán.svoboda46@seznam.cz');
INSERT INTO Parent (parent_id, first_name, last_name, email) VALUES (26, 'Miroslav', 'Beneš', 'miroslav.beneš47@seznam.cz');
INSERT INTO Parent (parent_id, first_name, last_name, email) VALUES (27, 'Pavla', 'Růžičková', 'pavla.růžičková48@centrum.cz');
INSERT INTO Parent (parent_id, first_name, last_name, email) VALUES (28, 'Radka', 'Benešová', 'radka.benešová49@gmail.com');
INSERT INTO Parent (parent_id, first_name, last_name, email) VALUES (29, 'Zuzana', 'Navrátilová', 'zuzana.navrátilová50@centrum.cz');
INSERT INTO Parent (parent_id, first_name, last_name, email) VALUES (30, 'Pavla', 'Kučerová', 'pavla.kučerová51@gmail.com');
INSERT INTO Parent (parent_id, first_name, last_name, email) VALUES (31, 'Lenka', 'Křížová', 'lenka.křížová52@seznam.cz');
INSERT INTO Parent (parent_id, first_name, last_name, email) VALUES (32, 'Hana', 'Šimková', 'hana.šimková53@seznam.cz');
INSERT INTO Parent (parent_id, first_name, last_name, email) VALUES (33, 'Karolína', 'Pospíšilová', 'karolína.pospíšilová54@centrum.cz');
INSERT INTO Parent (parent_id, first_name, last_name, email) VALUES (34, 'Kristýna', 'Marková', 'kristýna.marková55@seznam.cz');
INSERT INTO Parent (parent_id, first_name, last_name, email) VALUES (35, 'Barbora', 'Vaňková', 'barbora.vaňková56@gmail.com');
INSERT INTO Parent (parent_id, first_name, last_name, email) VALUES (36, 'Tereza', 'Marková', 'tereza.marková57@centrum.cz');
INSERT INTO Parent (parent_id, first_name, last_name, email) VALUES (37, 'Anna', 'Kučerová', 'anna.kučerová58@centrum.cz');
INSERT INTO Parent (parent_id, first_name, last_name, email) VALUES (38, 'Silvie', 'Novotná', 'silvie.novotná59@seznam.cz');
INSERT INTO Parent (parent_id, first_name, last_name, email) VALUES (39, 'Ivana', 'Křížová', 'ivana.křížová60@gmail.com');
INSERT INTO Parent (parent_id, first_name, last_name, email) VALUES (40, 'Ivana', 'Šimková', 'ivana.šimková61@seznam.cz');
INSERT INTO Parent (parent_id, first_name, last_name, email) VALUES (41, 'Gabriela', 'Benešová', 'gabriela.benešová62@centrum.cz');
INSERT INTO Parent (parent_id, first_name, last_name, email) VALUES (42, 'Lenka', 'Dvořáková', 'lenka.dvořáková63@gmail.com');
INSERT INTO Parent (parent_id, first_name, last_name, email) VALUES (43, 'Adéla', 'Nováková', 'adéla.nováková64@gmail.com');
INSERT INTO Parent (parent_id, first_name, last_name, email) VALUES (44, 'Ivana', 'Černá', 'ivana.černá65@seznam.cz');
INSERT INTO Parent (parent_id, first_name, last_name, email) VALUES (45, 'Radka', 'Dvořáková', 'radka.dvořáková66@centrum.cz');
INSERT INTO Parent (parent_id, first_name, last_name, email) VALUES (46, 'Pavla', 'Marková', 'pavla.marková67@gmail.com');
INSERT INTO Parent (parent_id, first_name, last_name, email) VALUES (47, 'Zuzana', 'Veselá', 'zuzana.veselá68@centrum.cz');
INSERT INTO Parent (parent_id, first_name, last_name, email) VALUES (48, 'Monika', 'Fialová', 'monika.fialová69@centrum.cz');
INSERT INTO Parent (parent_id, first_name, last_name, email) VALUES (49, 'Alena', 'Navrátilová', 'alena.navrátilová70@gmail.com');
INSERT INTO Parent (parent_id, first_name, last_name, email) VALUES (50, 'Kristýna', 'Marková', 'kristýna.marková71@centrum.cz');
INSERT INTO Parent (parent_id, first_name, last_name, email) VALUES (51, 'Adéla', 'Pokorná', 'adéla.pokorná72@gmail.com');
INSERT INTO Parent (parent_id, first_name, last_name, email) VALUES (52, 'Jitka', 'Horáková', 'jitka.horáková73@centrum.cz');
COMMIT;

-- Teacher table
INSERT INTO Teacher (teacher_id, first_name, last_name, email) VALUES (1, 'Stanislav', 'Urban', 'stanislav.urban74@gmail.com');
INSERT INTO Teacher (teacher_id, first_name, last_name, email) VALUES (2, 'Václav', 'Veselý', 'václav.veselý75@centrum.cz');
INSERT INTO Teacher (teacher_id, first_name, last_name, email) VALUES (3, 'Zdeněk', 'Dvořák', 'zdeněk.dvořák76@centrum.cz');
INSERT INTO Teacher (teacher_id, first_name, last_name, email) VALUES (4, 'Miroslav', 'Černý', 'miroslav.černý77@centrum.cz');
INSERT INTO Teacher (teacher_id, first_name, last_name, email) VALUES (5, 'Martin', 'Kříž', 'martin.kříž78@centrum.cz');
INSERT INTO Teacher (teacher_id, first_name, last_name, email) VALUES (6, 'Matěj', 'Němec', 'matěj.němec79@seznam.cz');
INSERT INTO Teacher (teacher_id, first_name, last_name, email) VALUES (7, 'Martin', 'Král', 'martin.král80@seznam.cz');
INSERT INTO Teacher (teacher_id, first_name, last_name, email) VALUES (8, 'Adam', 'Sedláček', 'adam.sedláček81@centrum.cz');
INSERT INTO Teacher (teacher_id, first_name, last_name, email) VALUES (9, 'Daniel', 'Marek', 'daniel.marek82@gmail.com');
INSERT INTO Teacher (teacher_id, first_name, last_name, email) VALUES (10, 'Lukáš', 'Bartoš', 'lukáš.bartoš83@gmail.com');
INSERT INTO Teacher (teacher_id, first_name, last_name, email) VALUES (11, 'Pavel', 'Pospíšil', 'pavel.pospíšil84@seznam.cz');
INSERT INTO Teacher (teacher_id, first_name, last_name, email) VALUES (12, 'Matěj', 'Horák', 'matěj.horák85@centrum.cz');
INSERT INTO Teacher (teacher_id, first_name, last_name, email) VALUES (13, 'Adam', 'Marek', 'adam.marek86@centrum.cz');
INSERT INTO Teacher (teacher_id, first_name, last_name, email) VALUES (14, 'Michal', 'Pospíšil', 'michal.pospíšil87@seznam.cz');
INSERT INTO Teacher (teacher_id, first_name, last_name, email) VALUES (15, 'Adam', 'Kříž', 'adam.kříž88@seznam.cz');
INSERT INTO Teacher (teacher_id, first_name, last_name, email) VALUES (16, 'Marie', 'Svobodová', 'marie.svobodová89@seznam.cz');
INSERT INTO Teacher (teacher_id, first_name, last_name, email) VALUES (17, 'Viktorie', 'Pospíšilová', 'viktorie.pospíšilová90@gmail.com');
INSERT INTO Teacher (teacher_id, first_name, last_name, email) VALUES (18, 'Monika', 'Pospíšilová', 'monika.pospíšilová91@gmail.com');
INSERT INTO Teacher (teacher_id, first_name, last_name, email) VALUES (19, 'Klára', 'Nováková', 'klára.nováková92@gmail.com');
INSERT INTO Teacher (teacher_id, first_name, last_name, email) VALUES (20, 'Radka', 'Nováková', 'radka.nováková93@centrum.cz');
COMMIT;

-- Subject table
INSERT INTO Subject (subject_id, name) VALUES (1, 'Český jazyk');
INSERT INTO Subject (subject_id, name) VALUES (2, 'Anglický jazyk');
INSERT INTO Subject (subject_id, name) VALUES (3, 'Matematika');
INSERT INTO Subject (subject_id, name) VALUES (4, 'Fyzika');
INSERT INTO Subject (subject_id, name) VALUES (5, 'Chemie');
INSERT INTO Subject (subject_id, name) VALUES (6, 'Biologie');
INSERT INTO Subject (subject_id, name) VALUES (7, 'Informatika');
INSERT INTO Subject (subject_id, name) VALUES (8, 'Dějepis');
INSERT INTO Subject (subject_id, name) VALUES (9, 'Zeměpis');
INSERT INTO Subject (subject_id, name) VALUES (10, 'Hudební výchova');
INSERT INTO Subject (subject_id, name) VALUES (11, 'Výtvarná výchova');
INSERT INTO Subject (subject_id, name) VALUES (12, 'Tělesná výchova');
INSERT INTO Subject (subject_id, name) VALUES (13, 'Španělský jazyk');
INSERT INTO Subject (subject_id, name) VALUES (14, 'Německý jazyk');
INSERT INTO Subject (subject_id, name) VALUES (15, 'Deskriptivní geometrie');
INSERT INTO Subject (subject_id, name) VALUES (16, 'Ekonomie');
INSERT INTO Subject (subject_id, name) VALUES (17, 'Ruský jazyk');
INSERT INTO Subject (subject_id, name) VALUES (18, 'Analytická chemie');
INSERT INTO Subject (subject_id, name) VALUES (19, 'Základy práva');
INSERT INTO Subject (subject_id, name) VALUES (20, 'Volná hodina');
INSERT INTO Subject (subject_id, name) VALUES (21, 'Školní akce');
COMMIT;

-- Class table
INSERT INTO Class (class_id, name, teacher_id) VALUES (1, 'Prima', 1);
INSERT INTO Class (class_id, name, teacher_id) VALUES (2, 'Sekunda', 2);
INSERT INTO Class (class_id, name, teacher_id) VALUES (3, 'Tercie', 3);
INSERT INTO Class (class_id, name, teacher_id) VALUES (4, 'Kvarta', 4);
INSERT INTO Class (class_id, name, teacher_id) VALUES (5, 'Kvinta', 5);
INSERT INTO Class (class_id, name, teacher_id) VALUES (6, 'Sexta', 6);
INSERT INTO Class (class_id, name, teacher_id) VALUES (7, 'Septima', 7);
INSERT INTO Class (class_id, name, teacher_id) VALUES (8, 'Oktava', 8);
COMMIT;

-- Student table
INSERT INTO Student (student_id, first_name, last_name, date_of_birth, email, class_id) VALUES (1, 'Lukáš', 'Bartoš', TO_DATE('2001-10-10', 'YYYY-MM-DD'), 'lukáš.bartoš1@centrum.cz', 1);
INSERT INTO Student (student_id, first_name, last_name, date_of_birth, email, class_id) VALUES (2, 'Jan', 'Pospíšil', TO_DATE('2009-06-05', 'YYYY-MM-DD'), 'jan.pospíšil2@seznam.cz', 1);
INSERT INTO Student (student_id, first_name, last_name, date_of_birth, email, class_id) VALUES (3, 'Miroslav', 'Horák', TO_DATE('2008-02-14', 'YYYY-MM-DD'), 'miroslav.horák3@gmail.com', 1);
INSERT INTO Student (student_id, first_name, last_name, date_of_birth, email, class_id) VALUES (4, 'Daniel', 'Beneš', TO_DATE('2009-10-24', 'YYYY-MM-DD'), 'daniel.beneš4@gmail.com', 1);
INSERT INTO Student (student_id, first_name, last_name, date_of_birth, email, class_id) VALUES (5, 'Štěpán', 'Navrátil', TO_DATE('2004-04-14', 'YYYY-MM-DD'), 'štěpán.navrátil5@centrum.cz', 1);
INSERT INTO Student (student_id, first_name, last_name, date_of_birth, email, class_id) VALUES (6, 'Richard', 'Jelínek', TO_DATE('2004-03-25', 'YYYY-MM-DD'), 'richard.jelínek6@centrum.cz', 2);
INSERT INTO Student (student_id, first_name, last_name, date_of_birth, email, class_id) VALUES (7, 'Zdeněk', 'Veselý', TO_DATE('2000-09-06', 'YYYY-MM-DD'), 'zdeněk.veselý7@centrum.cz', 2);
INSERT INTO Student (student_id, first_name, last_name, date_of_birth, email, class_id) VALUES (8, 'Michal', 'Bartoš', TO_DATE('2009-03-28', 'YYYY-MM-DD'), 'michal.bartoš8@seznam.cz', 2);
INSERT INTO Student (student_id, first_name, last_name, date_of_birth, email, class_id) VALUES (9, 'Marek', 'Šimek', TO_DATE('2006-02-23', 'YYYY-MM-DD'), 'marek.šimek9@gmail.com', 2);
INSERT INTO Student (student_id, first_name, last_name, date_of_birth, email, class_id) VALUES (10, 'Filip', 'Pospíšil', TO_DATE('2001-07-02', 'YYYY-MM-DD'), 'filip.pospíšil10@centrum.cz', 2);
INSERT INTO Student (student_id, first_name, last_name, date_of_birth, email, class_id) VALUES (11, 'Sára', 'Veselá', TO_DATE('2002-09-24', 'YYYY-MM-DD'), 'sára.veselá12@centrum.cz', 1);
INSERT INTO Student (student_id, first_name, last_name, date_of_birth, email, class_id) VALUES (12, 'Sabina', 'Šimková', TO_DATE('2009-12-14', 'YYYY-MM-DD'), 'sabina.šimková13@seznam.cz', 1);
INSERT INTO Student (student_id, first_name, last_name, date_of_birth, email, class_id) VALUES (13, 'Jana', 'Procházková', TO_DATE('2008-03-06', 'YYYY-MM-DD'), 'jana.procházková14@seznam.cz', 1);
INSERT INTO Student (student_id, first_name, last_name, date_of_birth, email, class_id) VALUES (14, 'Ivana', 'Jelínková', TO_DATE('2009-06-10', 'YYYY-MM-DD'), 'ivana.jelínková15@centrum.cz', 1);
INSERT INTO Student (student_id, first_name, last_name, date_of_birth, email, class_id) VALUES (15, 'Klára', 'Sedláčková', TO_DATE('2007-09-15', 'YYYY-MM-DD'), 'klára.sedláčková16@seznam.cz', 1);
INSERT INTO Student (student_id, first_name, last_name, date_of_birth, email, class_id) VALUES (16, 'Tereza', 'Hájková', TO_DATE('2002-04-14', 'YYYY-MM-DD'), 'tereza.hájková17@centrum.cz', 2);
INSERT INTO Student (student_id, first_name, last_name, date_of_birth, email, class_id) VALUES (17, 'Silvie', 'Procházková', TO_DATE('2002-07-16', 'YYYY-MM-DD'), 'silvie.procházková18@gmail.com', 2);
INSERT INTO Student (student_id, first_name, last_name, date_of_birth, email, class_id) VALUES (18, 'Petra', 'Horáková', TO_DATE('2006-04-17', 'YYYY-MM-DD'), 'petra.horáková19@seznam.cz', 2);
INSERT INTO Student (student_id, first_name, last_name, date_of_birth, email, class_id) VALUES (19, 'Natálie', 'Doležalová', TO_DATE('2008-06-06', 'YYYY-MM-DD'), 'natálie.doležalová20@gmail.com', 2);
INSERT INTO Student (student_id, first_name, last_name, date_of_birth, email, class_id) VALUES (20, 'Radka', 'Kovářová', TO_DATE('2000-04-14', 'YYYY-MM-DD'), 'radka.kovářová21@centrum.cz', 2);
COMMIT;

-- Grade table
-- Class 1
INSERT INTO Grade (student_id, subject_id, teacher_id, grade) VALUES (1, 1, 1, 4);
INSERT INTO Grade (student_id, subject_id, teacher_id, grade) VALUES (1, 1, 1, 4);
INSERT INTO Grade (student_id, subject_id, teacher_id, grade) VALUES (1, 1, 1, 4);
INSERT INTO Grade (student_id, subject_id, teacher_id, grade) VALUES (1, 1, 1, 3);
INSERT INTO Grade (student_id, subject_id, teacher_id, grade) VALUES (2, 1, 1, 3);
INSERT INTO Grade (student_id, subject_id, teacher_id, grade) VALUES (2, 1, 1, 5);
INSERT INTO Grade (student_id, subject_id, teacher_id, grade) VALUES (3, 1, 1, 5);
INSERT INTO Grade (student_id, subject_id, teacher_id, grade) VALUES (3, 1, 1, 4);
INSERT INTO Grade (student_id, subject_id, teacher_id, grade) VALUES (3, 1, 1, 4);
INSERT INTO Grade (student_id, subject_id, teacher_id, grade) VALUES (4, 1, 1, 1);
INSERT INTO Grade (student_id, subject_id, teacher_id, grade) VALUES (4, 1, 1, 4);
INSERT INTO Grade (student_id, subject_id, teacher_id, grade) VALUES (4, 1, 1, 2);
INSERT INTO Grade (student_id, subject_id, teacher_id, grade) VALUES (4, 1, 1, 3);
INSERT INTO Grade (student_id, subject_id, teacher_id, grade) VALUES (5, 1, 1, 2);
INSERT INTO Grade (student_id, subject_id, teacher_id, grade) VALUES (5, 1, 1, 1);
INSERT INTO Grade (student_id, subject_id, teacher_id, grade) VALUES (5, 1, 1, 4);
INSERT INTO Grade (student_id, subject_id, teacher_id, grade) VALUES (11, 1, 1, 3);
INSERT INTO Grade (student_id, subject_id, teacher_id, grade) VALUES (11, 1, 1, 5);
INSERT INTO Grade (student_id, subject_id, teacher_id, grade) VALUES (11, 1, 1, 5);
INSERT INTO Grade (student_id, subject_id, teacher_id, grade) VALUES (11, 1, 1, 4);
INSERT INTO Grade (student_id, subject_id, teacher_id, grade) VALUES (12, 1, 1, 3);
INSERT INTO Grade (student_id, subject_id, teacher_id, grade) VALUES (12, 1, 1, 1);
INSERT INTO Grade (student_id, subject_id, teacher_id, grade) VALUES (13, 1, 1, 4);
INSERT INTO Grade (student_id, subject_id, teacher_id, grade) VALUES (13, 1, 1, 4);
INSERT INTO Grade (student_id, subject_id, teacher_id, grade) VALUES (13, 1, 1, 2);
INSERT INTO Grade (student_id, subject_id, teacher_id, grade) VALUES (14, 1, 1, 2);
INSERT INTO Grade (student_id, subject_id, teacher_id, grade) VALUES (14, 1, 1, 2);
INSERT INTO Grade (student_id, subject_id, teacher_id, grade) VALUES (14, 1, 1, 2);
INSERT INTO Grade (student_id, subject_id, teacher_id, grade) VALUES (14, 1, 1, 1);
INSERT INTO Grade (student_id, subject_id, teacher_id, grade) VALUES (14, 1, 1, 2);
INSERT INTO Grade (student_id, subject_id, teacher_id, grade) VALUES (15, 1, 1, 3);
INSERT INTO Grade (student_id, subject_id, teacher_id, grade) VALUES (15, 1, 1, 4);
INSERT INTO Grade (student_id, subject_id, teacher_id, grade) VALUES (15, 1, 1, 2);
COMMIT;

-- Class 2
INSERT INTO Grade (student_id, subject_id, teacher_id, grade) VALUES (6, 1, 4, 1);
INSERT INTO Grade (student_id, subject_id, teacher_id, grade) VALUES (6, 1, 4, 3);
INSERT INTO Grade (student_id, subject_id, teacher_id, grade) VALUES (6, 1, 4, 5);
INSERT INTO Grade (student_id, subject_id, teacher_id, grade) VALUES (6, 1, 4, 1);
INSERT INTO Grade (student_id, subject_id, teacher_id, grade) VALUES (7, 1, 4, 1);
INSERT INTO Grade (student_id, subject_id, teacher_id, grade) VALUES (7, 1, 4, 5);
INSERT INTO Grade (student_id, subject_id, teacher_id, grade) VALUES (7, 1, 4, 5);
INSERT INTO Grade (student_id, subject_id, teacher_id, grade) VALUES (7, 1, 4, 5);
INSERT INTO Grade (student_id, subject_id, teacher_id, grade) VALUES (8, 1, 4, 1);
INSERT INTO Grade (student_id, subject_id, teacher_id, grade) VALUES (8, 1, 4, 4);
INSERT INTO Grade (student_id, subject_id, teacher_id, grade) VALUES (9, 1, 4, 4);
INSERT INTO Grade (student_id, subject_id, teacher_id, grade) VALUES (9, 1, 4, 4);
INSERT INTO Grade (student_id, subject_id, teacher_id, grade) VALUES (9, 1, 4, 1);
INSERT INTO Grade (student_id, subject_id, teacher_id, grade) VALUES (9, 1, 4, 5);
INSERT INTO Grade (student_id, subject_id, teacher_id, grade) VALUES (10, 1, 4, 5);
INSERT INTO Grade (student_id, subject_id, teacher_id, grade) VALUES (10, 1, 4, 5);
INSERT INTO Grade (student_id, subject_id, teacher_id, grade) VALUES (16, 1, 4, 1);
INSERT INTO Grade (student_id, subject_id, teacher_id, grade) VALUES (16, 1, 4, 5);
INSERT INTO Grade (student_id, subject_id, teacher_id, grade) VALUES (16, 1, 4, 1);
INSERT INTO Grade (student_id, subject_id, teacher_id, grade) VALUES (17, 1, 4, 1);
INSERT INTO Grade (student_id, subject_id, teacher_id, grade) VALUES (17, 1, 4, 1);
INSERT INTO Grade (student_id, subject_id, teacher_id, grade) VALUES (17, 1, 4, 5);
INSERT INTO Grade (student_id, subject_id, teacher_id, grade) VALUES (18, 1, 4, 1);
INSERT INTO Grade (student_id, subject_id, teacher_id, grade) VALUES (18, 1, 4, 5);
INSERT INTO Grade (student_id, subject_id, teacher_id, grade) VALUES (19, 1, 4, 1);
INSERT INTO Grade (student_id, subject_id, teacher_id, grade) VALUES (19, 1, 4, 1);
INSERT INTO Grade (student_id, subject_id, teacher_id, grade) VALUES (19, 1, 4, 1);
INSERT INTO Grade (student_id, subject_id, teacher_id, grade) VALUES (19, 1, 4, 1);
INSERT INTO Grade (student_id, subject_id, teacher_id, grade) VALUES (19, 1, 4, 1);
INSERT INTO Grade (student_id, subject_id, teacher_id, grade) VALUES (20, 1, 4, 4);
INSERT INTO Grade (student_id, subject_id, teacher_id, grade) VALUES (20, 1, 4, 1);
INSERT INTO Grade (student_id, subject_id, teacher_id, grade) VALUES (20, 1, 4, 4);
INSERT INTO Grade (student_id, subject_id, teacher_id, grade) VALUES (20, 1, 4, 3);
INSERT INTO Grade (student_id, subject_id, teacher_id, grade) VALUES (20, 1, 4, 3);
COMMIT;

-- Classroom table
INSERT INTO Classroom (classroom_id, name, capacity) VALUES (1, 'Učebna 101', 30);
INSERT INTO Classroom (classroom_id, name, capacity) VALUES (2, 'Učebna 102', 15);
INSERT INTO Classroom (classroom_id, name, capacity) VALUES (3, 'Učebna 103', 30);
INSERT INTO Classroom (classroom_id, name, capacity) VALUES (4, 'Učebna 104', 30);
INSERT INTO Classroom (classroom_id, name, capacity) VALUES (5, 'Učebna 105', 30);
INSERT INTO Classroom (classroom_id, name, capacity) VALUES (6, 'Učebna 201', 30);
INSERT INTO Classroom (classroom_id, name, capacity) VALUES (7, 'Učebna 202', 15);
INSERT INTO Classroom (classroom_id, name, capacity) VALUES (8, 'Učebna 203', 30);
INSERT INTO Classroom (classroom_id, name, capacity) VALUES (9, 'Tělocvična', 120);
INSERT INTO Classroom (classroom_id, name, capacity) VALUES (10, 'Neuvedeno', 1000);
COMMIT;

-- Subject-Teacher table
INSERT INTO Subject_Teacher (subject_id, teacher_id) VALUES (1, 1);
INSERT INTO Subject_Teacher (subject_id, teacher_id) VALUES (14, 1);
INSERT INTO Subject_Teacher (subject_id, teacher_id) VALUES (5, 2);
INSERT INTO Subject_Teacher (subject_id, teacher_id) VALUES (3, 2);
INSERT INTO Subject_Teacher (subject_id, teacher_id) VALUES (3, 3);
INSERT INTO Subject_Teacher (subject_id, teacher_id) VALUES (10, 3);
INSERT INTO Subject_Teacher (subject_id, teacher_id) VALUES (15, 4);
INSERT INTO Subject_Teacher (subject_id, teacher_id) VALUES (1, 4);
INSERT INTO Subject_Teacher (subject_id, teacher_id) VALUES (5, 4);
INSERT INTO Subject_Teacher (subject_id, teacher_id) VALUES (3, 5);
INSERT INTO Subject_Teacher (subject_id, teacher_id) VALUES (11, 5);
INSERT INTO Subject_Teacher (subject_id, teacher_id) VALUES (16, 6);
INSERT INTO Subject_Teacher (subject_id, teacher_id) VALUES (5, 6);
INSERT INTO Subject_Teacher (subject_id, teacher_id) VALUES (17, 7);
INSERT INTO Subject_Teacher (subject_id, teacher_id) VALUES (6, 7);
INSERT INTO Subject_Teacher (subject_id, teacher_id) VALUES (11, 8);
INSERT INTO Subject_Teacher (subject_id, teacher_id) VALUES (12, 8);
INSERT INTO Subject_Teacher (subject_id, teacher_id) VALUES (8, 8);
INSERT INTO Subject_Teacher (subject_id, teacher_id) VALUES (3, 9);
COMMIT;
INSERT INTO Subject_Teacher (subject_id, teacher_id) VALUES (4, 9);
INSERT INTO Subject_Teacher (subject_id, teacher_id) VALUES (7, 10);
INSERT INTO Subject_Teacher (subject_id, teacher_id) VALUES (4, 10);
INSERT INTO Subject_Teacher (subject_id, teacher_id) VALUES (12, 11);
INSERT INTO Subject_Teacher (subject_id, teacher_id) VALUES (2, 11);
INSERT INTO Subject_Teacher (subject_id, teacher_id) VALUES (17, 12);
INSERT INTO Subject_Teacher (subject_id, teacher_id) VALUES (19, 12);
INSERT INTO Subject_Teacher (subject_id, teacher_id) VALUES (3, 13);
INSERT INTO Subject_Teacher (subject_id, teacher_id) VALUES (1, 13);
INSERT INTO Subject_Teacher (subject_id, teacher_id) VALUES (13, 13);
INSERT INTO Subject_Teacher (subject_id, teacher_id) VALUES (15, 14);
INSERT INTO Subject_Teacher (subject_id, teacher_id) VALUES (13, 14);
INSERT INTO Subject_Teacher (subject_id, teacher_id) VALUES (12, 14);
INSERT INTO Subject_Teacher (subject_id, teacher_id) VALUES (4, 15);
INSERT INTO Subject_Teacher (subject_id, teacher_id) VALUES (9, 15);
INSERT INTO Subject_Teacher (subject_id, teacher_id) VALUES (13, 15);
INSERT INTO Subject_Teacher (subject_id, teacher_id) VALUES (16, 16);
INSERT INTO Subject_Teacher (subject_id, teacher_id) VALUES (3, 16);
INSERT INTO Subject_Teacher (subject_id, teacher_id) VALUES (16, 17);
INSERT INTO Subject_Teacher (subject_id, teacher_id) VALUES (9, 17);
INSERT INTO Subject_Teacher (subject_id, teacher_id) VALUES (15, 17);
INSERT INTO Subject_Teacher (subject_id, teacher_id) VALUES (18, 18);
INSERT INTO Subject_Teacher (subject_id, teacher_id) VALUES (13, 18);
INSERT INTO Subject_Teacher (subject_id, teacher_id) VALUES (1, 19);
INSERT INTO Subject_Teacher (subject_id, teacher_id) VALUES (15, 19);
INSERT INTO Subject_Teacher (subject_id, teacher_id) VALUES (3, 19);
INSERT INTO Subject_Teacher (subject_id, teacher_id) VALUES (10, 20);
INSERT INTO Subject_Teacher (subject_id, teacher_id) VALUES (17, 20);
COMMIT;

-- Student-Parent table (id: 1-26 = male parents, id: 27-52 = female parents) (id: 1-10 = male students, id: 11-20 = female students)
INSERT INTO Student_Parent (student_id, parent_id) VALUES (1, 1);
INSERT INTO Student_Parent (student_id, parent_id) VALUES (1, 27);

INSERT INTO Student_Parent (student_id, parent_id) VALUES (2, 1);
INSERT INTO Student_Parent (student_id, parent_id) VALUES (2, 27);

INSERT INTO Student_Parent (student_id, parent_id) VALUES (3, 2);

INSERT INTO Student_Parent (student_id, parent_id) VALUES (4, 3);
INSERT INTO Student_Parent (student_id, parent_id) VALUES (4, 28);

INSERT INTO Student_Parent (student_id, parent_id) VALUES (5, 3);
INSERT INTO Student_Parent (student_id, parent_id) VALUES (5, 28);

INSERT INTO Student_Parent (student_id, parent_id) VALUES (6, 3);
INSERT INTO Student_Parent (student_id, parent_id) VALUES (6, 28);

INSERT INTO Student_Parent (student_id, parent_id) VALUES (7, 3);
INSERT INTO Student_Parent (student_id, parent_id) VALUES (7, 28);

INSERT INTO Student_Parent (student_id, parent_id) VALUES (8, 4);
INSERT INTO Student_Parent (student_id, parent_id) VALUES (8, 29);

INSERT INTO Student_Parent (student_id, parent_id) VALUES (9, 4);
INSERT INTO Student_Parent (student_id, parent_id) VALUES (9, 29);
COMMIT;

INSERT INTO Student_Parent (student_id, parent_id) VALUES (10, 5);
INSERT INTO Student_Parent (student_id, parent_id) VALUES (10, 30);

INSERT INTO Student_Parent (student_id, parent_id) VALUES (11, 5);
INSERT INTO Student_Parent (student_id, parent_id) VALUES (11, 30);

INSERT INTO Student_Parent (student_id, parent_id) VALUES (12, 6);
INSERT INTO Student_Parent (student_id, parent_id) VALUES (12, 31);

INSERT INTO Student_Parent (student_id, parent_id) VALUES (13, 6);
INSERT INTO Student_Parent (student_id, parent_id) VALUES (13, 31);

INSERT INTO Student_Parent (student_id, parent_id) VALUES (14, 32);

INSERT INTO Student_Parent (student_id, parent_id) VALUES (15, 7);
INSERT INTO Student_Parent (student_id, parent_id) VALUES (15, 33);

INSERT INTO Student_Parent (student_id, parent_id) VALUES (16, 7);
INSERT INTO Student_Parent (student_id, parent_id) VALUES (16, 33);

INSERT INTO Student_Parent (student_id, parent_id) VALUES (17, 8);
INSERT INTO Student_Parent (student_id, parent_id) VALUES (17, 34);

INSERT INTO Student_Parent (student_id, parent_id) VALUES (18, 9);

INSERT INTO Student_Parent (student_id, parent_id) VALUES (19, 35);

INSERT INTO Student_Parent (student_id, parent_id) VALUES (20, 10);
INSERT INTO Student_Parent (student_id, parent_id) VALUES (20, 36);
COMMIT;

-- Student-Subject table
INSERT INTO Student_Subject (student_id, subject_id) VALUES (1, 1);
INSERT INTO Student_Subject (student_id, subject_id) VALUES (1, 18);
INSERT INTO Student_Subject (student_id, subject_id) VALUES (1, 8);
INSERT INTO Student_Subject (student_id, subject_id) VALUES (1, 2);
INSERT INTO Student_Subject (student_id, subject_id) VALUES (1, 19);
INSERT INTO Student_Subject (student_id, subject_id) VALUES (1, 15);
INSERT INTO Student_Subject (student_id, subject_id) VALUES (1, 14);
INSERT INTO Student_Subject (student_id, subject_id) VALUES (1, 17);
INSERT INTO Student_Subject (student_id, subject_id) VALUES (1, 9);
INSERT INTO Student_Subject (student_id, subject_id) VALUES (1, 12);
COMMIT;
INSERT INTO Student_Subject (student_id, subject_id) VALUES (2, 14);
INSERT INTO Student_Subject (student_id, subject_id) VALUES (2, 8);
INSERT INTO Student_Subject (student_id, subject_id) VALUES (2, 15);
INSERT INTO Student_Subject (student_id, subject_id) VALUES (2, 17);
INSERT INTO Student_Subject (student_id, subject_id) VALUES (2, 10);
INSERT INTO Student_Subject (student_id, subject_id) VALUES (2, 1);
INSERT INTO Student_Subject (student_id, subject_id) VALUES (2, 19);
INSERT INTO Student_Subject (student_id, subject_id) VALUES (2, 3);
INSERT INTO Student_Subject (student_id, subject_id) VALUES (2, 16);
COMMIT;
INSERT INTO Student_Subject (student_id, subject_id) VALUES (3, 1);
INSERT INTO Student_Subject (student_id, subject_id) VALUES (3, 5);
INSERT INTO Student_Subject (student_id, subject_id) VALUES (3, 16);
INSERT INTO Student_Subject (student_id, subject_id) VALUES (3, 4);
INSERT INTO Student_Subject (student_id, subject_id) VALUES (3, 7);
INSERT INTO Student_Subject (student_id, subject_id) VALUES (3, 6);
INSERT INTO Student_Subject (student_id, subject_id) VALUES (3, 8);
INSERT INTO Student_Subject (student_id, subject_id) VALUES (3, 11);
COMMIT;

INSERT INTO Student_Subject (student_id, subject_id) VALUES (4, 4);
INSERT INTO Student_Subject (student_id, subject_id) VALUES (4, 5);
INSERT INTO Student_Subject (student_id, subject_id) VALUES (4, 2);
INSERT INTO Student_Subject (student_id, subject_id) VALUES (4, 8);
INSERT INTO Student_Subject (student_id, subject_id) VALUES (4, 1);
INSERT INTO Student_Subject (student_id, subject_id) VALUES (4, 13);
INSERT INTO Student_Subject (student_id, subject_id) VALUES (4, 12);
INSERT INTO Student_Subject (student_id, subject_id) VALUES (4, 3);
COMMIT;

INSERT INTO Student_Subject (student_id, subject_id) VALUES (5, 19);
INSERT INTO Student_Subject (student_id, subject_id) VALUES (5, 11);
INSERT INTO Student_Subject (student_id, subject_id) VALUES (5, 5);
INSERT INTO Student_Subject (student_id, subject_id) VALUES (5, 7);
INSERT INTO Student_Subject (student_id, subject_id) VALUES (5, 15);
INSERT INTO Student_Subject (student_id, subject_id) VALUES (5, 6);
INSERT INTO Student_Subject (student_id, subject_id) VALUES (5, 10);
INSERT INTO Student_Subject (student_id, subject_id) VALUES (5, 1);
COMMIT;

INSERT INTO Student_Subject (student_id, subject_id) VALUES (6, 18);
INSERT INTO Student_Subject (student_id, subject_id) VALUES (6, 6);
INSERT INTO Student_Subject (student_id, subject_id) VALUES (6, 3);
INSERT INTO Student_Subject (student_id, subject_id) VALUES (6, 1);
INSERT INTO Student_Subject (student_id, subject_id) VALUES (6, 13);
INSERT INTO Student_Subject (student_id, subject_id) VALUES (6, 5);
INSERT INTO Student_Subject (student_id, subject_id) VALUES (6, 12);
INSERT INTO Student_Subject (student_id, subject_id) VALUES (6, 15);
INSERT INTO Student_Subject (student_id, subject_id) VALUES (6, 9);
COMMIT;

INSERT INTO Student_Subject (student_id, subject_id) VALUES (7, 7);
INSERT INTO Student_Subject (student_id, subject_id) VALUES (7, 5);
INSERT INTO Student_Subject (student_id, subject_id) VALUES (7, 18);
INSERT INTO Student_Subject (student_id, subject_id) VALUES (7, 10);
INSERT INTO Student_Subject (student_id, subject_id) VALUES (7, 16);
INSERT INTO Student_Subject (student_id, subject_id) VALUES (7, 1);
INSERT INTO Student_Subject (student_id, subject_id) VALUES (7, 12);
INSERT INTO Student_Subject (student_id, subject_id) VALUES (7, 15);
INSERT INTO Student_Subject (student_id, subject_id) VALUES (7, 4);
COMMIT;

INSERT INTO Student_Subject (student_id, subject_id) VALUES (8, 18);
INSERT INTO Student_Subject (student_id, subject_id) VALUES (8, 14);
INSERT INTO Student_Subject (student_id, subject_id) VALUES (8, 6);
INSERT INTO Student_Subject (student_id, subject_id) VALUES (8, 8);
INSERT INTO Student_Subject (student_id, subject_id) VALUES (8, 1);
INSERT INTO Student_Subject (student_id, subject_id) VALUES (8, 15);
INSERT INTO Student_Subject (student_id, subject_id) VALUES (8, 3);
INSERT INTO Student_Subject (student_id, subject_id) VALUES (8, 7);
INSERT INTO Student_Subject (student_id, subject_id) VALUES (8, 13);
COMMIT;

INSERT INTO Student_Subject (student_id, subject_id) VALUES (9, 19);
INSERT INTO Student_Subject (student_id, subject_id) VALUES (9, 3);
INSERT INTO Student_Subject (student_id, subject_id) VALUES (9, 14);
INSERT INTO Student_Subject (student_id, subject_id) VALUES (9, 8);
INSERT INTO Student_Subject (student_id, subject_id) VALUES (9, 1);
INSERT INTO Student_Subject (student_id, subject_id) VALUES (9, 4);
INSERT INTO Student_Subject (student_id, subject_id) VALUES (9, 6);
INSERT INTO Student_Subject (student_id, subject_id) VALUES (9, 12);
COMMIT;

INSERT INTO Student_Subject (student_id, subject_id) VALUES (10, 2);
INSERT INTO Student_Subject (student_id, subject_id) VALUES (10, 18);
INSERT INTO Student_Subject (student_id, subject_id) VALUES (10, 19);
INSERT INTO Student_Subject (student_id, subject_id) VALUES (10, 9);
INSERT INTO Student_Subject (student_id, subject_id) VALUES (10, 1);
INSERT INTO Student_Subject (student_id, subject_id) VALUES (10, 12);
INSERT INTO Student_Subject (student_id, subject_id) VALUES (10, 5);
INSERT INTO Student_Subject (student_id, subject_id) VALUES (10, 14);
COMMIT;

INSERT INTO Student_Subject (student_id, subject_id) VALUES (11, 18);
INSERT INTO Student_Subject (student_id, subject_id) VALUES (11, 2);
INSERT INTO Student_Subject (student_id, subject_id) VALUES (11, 7);
INSERT INTO Student_Subject (student_id, subject_id) VALUES (11, 19);
INSERT INTO Student_Subject (student_id, subject_id) VALUES (11, 15);
INSERT INTO Student_Subject (student_id, subject_id) VALUES (11, 1);
INSERT INTO Student_Subject (student_id, subject_id) VALUES (11, 3);
INSERT INTO Student_Subject (student_id, subject_id) VALUES (11, 13);
INSERT INTO Student_Subject (student_id, subject_id) VALUES (11, 5);
COMMIT;
INSERT INTO Student_Subject (student_id, subject_id) VALUES (12, 13);
INSERT INTO Student_Subject (student_id, subject_id) VALUES (12, 17);
INSERT INTO Student_Subject (student_id, subject_id) VALUES (12, 10);
INSERT INTO Student_Subject (student_id, subject_id) VALUES (12, 15);
INSERT INTO Student_Subject (student_id, subject_id) VALUES (12, 6);
INSERT INTO Student_Subject (student_id, subject_id) VALUES (12, 1);
INSERT INTO Student_Subject (student_id, subject_id) VALUES (12, 18);
INSERT INTO Student_Subject (student_id, subject_id) VALUES (12, 2);
COMMIT;
INSERT INTO Student_Subject (student_id, subject_id) VALUES (13, 16);
INSERT INTO Student_Subject (student_id, subject_id) VALUES (13, 7);
INSERT INTO Student_Subject (student_id, subject_id) VALUES (13, 3);
INSERT INTO Student_Subject (student_id, subject_id) VALUES (13, 14);
INSERT INTO Student_Subject (student_id, subject_id) VALUES (13, 2);
INSERT INTO Student_Subject (student_id, subject_id) VALUES (13, 4);
INSERT INTO Student_Subject (student_id, subject_id) VALUES (13, 6);
INSERT INTO Student_Subject (student_id, subject_id) VALUES (13, 1);
INSERT INTO Student_Subject (student_id, subject_id) VALUES (13, 8);
INSERT INTO Student_Subject (student_id, subject_id) VALUES (13, 10);
COMMIT;
INSERT INTO Student_Subject (student_id, subject_id) VALUES (14, 18);
INSERT INTO Student_Subject (student_id, subject_id) VALUES (14, 15);
INSERT INTO Student_Subject (student_id, subject_id) VALUES (14, 6);
INSERT INTO Student_Subject (student_id, subject_id) VALUES (14, 19);
INSERT INTO Student_Subject (student_id, subject_id) VALUES (14, 10);
INSERT INTO Student_Subject (student_id, subject_id) VALUES (14, 5);
INSERT INTO Student_Subject (student_id, subject_id) VALUES (14, 12);
INSERT INTO Student_Subject (student_id, subject_id) VALUES (14, 1);
INSERT INTO Student_Subject (student_id, subject_id) VALUES (14, 4);
COMMIT;
INSERT INTO Student_Subject (student_id, subject_id) VALUES (15, 16);
INSERT INTO Student_Subject (student_id, subject_id) VALUES (15, 6);
INSERT INTO Student_Subject (student_id, subject_id) VALUES (15, 14);
INSERT INTO Student_Subject (student_id, subject_id) VALUES (15, 15);
INSERT INTO Student_Subject (student_id, subject_id) VALUES (15, 10);
INSERT INTO Student_Subject (student_id, subject_id) VALUES (15, 12);
INSERT INTO Student_Subject (student_id, subject_id) VALUES (15, 1);
INSERT INTO Student_Subject (student_id, subject_id) VALUES (15, 4);
INSERT INTO Student_Subject (student_id, subject_id) VALUES (15, 7);
INSERT INTO Student_Subject (student_id, subject_id) VALUES (15, 9);
COMMIT;
INSERT INTO Student_Subject (student_id, subject_id) VALUES (16, 9);
INSERT INTO Student_Subject (student_id, subject_id) VALUES (16, 15);
INSERT INTO Student_Subject (student_id, subject_id) VALUES (16, 13);
INSERT INTO Student_Subject (student_id, subject_id) VALUES (16, 12);
INSERT INTO Student_Subject (student_id, subject_id) VALUES (16, 11);
INSERT INTO Student_Subject (student_id, subject_id) VALUES (16, 16);
INSERT INTO Student_Subject (student_id, subject_id) VALUES (16, 7);
INSERT INTO Student_Subject (student_id, subject_id) VALUES (16, 1);
INSERT INTO Student_Subject (student_id, subject_id) VALUES (16, 2);
INSERT INTO Student_Subject (student_id, subject_id) VALUES (16, 3);
COMMIT;
INSERT INTO Student_Subject (student_id, subject_id) VALUES (17, 13);
INSERT INTO Student_Subject (student_id, subject_id) VALUES (17, 14);
INSERT INTO Student_Subject (student_id, subject_id) VALUES (17, 16);
INSERT INTO Student_Subject (student_id, subject_id) VALUES (17, 5);
INSERT INTO Student_Subject (student_id, subject_id) VALUES (17, 2);
INSERT INTO Student_Subject (student_id, subject_id) VALUES (17, 1);
INSERT INTO Student_Subject (student_id, subject_id) VALUES (17, 3);
INSERT INTO Student_Subject (student_id, subject_id) VALUES (17, 7);
INSERT INTO Student_Subject (student_id, subject_id) VALUES (17, 9);
INSERT INTO Student_Subject (student_id, subject_id) VALUES (17, 19);
COMMIT;
INSERT INTO Student_Subject (student_id, subject_id) VALUES (18, 13);
INSERT INTO Student_Subject (student_id, subject_id) VALUES (18, 19);
INSERT INTO Student_Subject (student_id, subject_id) VALUES (18, 18);
INSERT INTO Student_Subject (student_id, subject_id) VALUES (18, 16);
INSERT INTO Student_Subject (student_id, subject_id) VALUES (18, 4);
INSERT INTO Student_Subject (student_id, subject_id) VALUES (18, 6);
INSERT INTO Student_Subject (student_id, subject_id) VALUES (18, 2);
INSERT INTO Student_Subject (student_id, subject_id) VALUES (18, 1);
COMMIT;
INSERT INTO Student_Subject (student_id, subject_id) VALUES (19, 13);
INSERT INTO Student_Subject (student_id, subject_id) VALUES (19, 7);
INSERT INTO Student_Subject (student_id, subject_id) VALUES (19, 9);
INSERT INTO Student_Subject (student_id, subject_id) VALUES (19, 11);
INSERT INTO Student_Subject (student_id, subject_id) VALUES (19, 18);
INSERT INTO Student_Subject (student_id, subject_id) VALUES (19, 6);
INSERT INTO Student_Subject (student_id, subject_id) VALUES (19, 1);
INSERT INTO Student_Subject (student_id, subject_id) VALUES (19, 4);
INSERT INTO Student_Subject (student_id, subject_id) VALUES (19, 3);
INSERT INTO Student_Subject (student_id, subject_id) VALUES (19, 5);
COMMIT;
INSERT INTO Student_Subject (student_id, subject_id) VALUES (20, 6);
INSERT INTO Student_Subject (student_id, subject_id) VALUES (20, 14);
INSERT INTO Student_Subject (student_id, subject_id) VALUES (20, 1);
INSERT INTO Student_Subject (student_id, subject_id) VALUES (20, 13);
INSERT INTO Student_Subject (student_id, subject_id) VALUES (20, 15);
INSERT INTO Student_Subject (student_id, subject_id) VALUES (20, 12);
INSERT INTO Student_Subject (student_id, subject_id) VALUES (20, 11);
COMMIT;

BEGIN
	dbms_output.put_line('Demo data created successfully.');
END;
/